code,seat,incumbent,Electorate,conservative,labour,libdems,ukip,green,other,turnout,ab,c1,c2,de,members
E14000530,Aldershot,Conservative,71053,23369,8468,4076,8253,2025,0,46191,23.0,33.9,23.3,19.6,150
E14000531,Aldridge-Brownhills,Conservative,59545,20558,8835,1330,7751,826,197,39497,19.8,30.3,26.3,23.4,138
E14000532,Altrincham and Sale West,Conservative,69937,26771,13481,4235,4047,1983,0,50517,39.0,31.3,14.8,14.7,203
E14000533,Amber Valley,Conservative,69462,20106,15901,1360,7263,1087,0,45717,16.3,26.4,26.1,31.0,179
E14000534,Arundel and South Downs,Conservative,75752,34331,6324,4062,8154,3606,0,56477,32.4,32.9,20.2,14.3,166
E14000535,Ashfield,Labour,83047,10628,19448,7030,10150,,153,47409,12.4,25.9,26.6,35.0,194
E14000536,Ashford,Conservative,84124,30094,10580,3433,10798,2467,0,57372,21.8,30.9,23.6,23.5,158
E14000537,Ashton Under Lyne,Labour,67429,8610,19366,943,8468,1531,0,38918,11.5,30.0,24.6,33.8,191
E14000538,Aylesbury,Conservative,79325,28083,8391,5885,10925,2135,0,55419,26.4,33.9,20.7,18.8,149
E14000539,Banbury,Conservative,84517,30749,12354,3440,8050,2686,729,58008,24.5,30.9,21.7,22.8,185
E14000540,Barking,Labour,72263,7019,24826,562,9554,879,183,43023,12.1,30.1,23.0,34.6,257
E14000541,Barnsley Central,Labour,64205,5485,20376,770,7941,938,1050,36560,13.0,26.5,25.1,35.2,180
E14000542,Barnsley East,Labour,68827,5622,21079,1213,9045,,1554,38513,11.5,25.5,26.5,36.2,181
E14000543,Barrow and Furness,Labour,67829,17525,18320,1169,5070,1061,130,43275,18.0,25.7,26.8,29.3,190
E14000544,Basildon and Billericay,Conservative,64916,22668,10186,1636,8538,,0,43028,20.8,32.5,21.6,24.9,142
E14000545,Basingstoke,Conservative,79479,25769,14706,3919,8290,,392,53076,27.5,32.2,19.5,20.6,170
E14000546,Bassetlaw,Labour,75874,15122,23965,1331,7865,1006,0,49289,15.9,26.0,25.3,32.6,189
E14000547,Bath,Lib-Dem,58657,17833,6216,14000,2922,5634,562,47167,32.6,35.1,14.2,17.9,208
E14000548,Batley and Spen,Labour,76405,15769,21826,2396,9080,1232,176,50479,15.8,28.4,23.1,32.6,177
E14000549,Battersea,Conservative,69388,26730,18792,2241,1586,1682,0,51031,45.7,31.5,8.9,13.8,266
E14000550,Beaconsfield,Conservative,71277,33621,6074,3927,7310,2231,0,53163,38.3,33.0,16.8,11.7,151
E14000551,Beckenham,Conservative,66582,27955,9484,3378,6108,1878,0,48803,34.6,38.4,14.5,12.3,188
E14000552,Bedford,Conservative,68075,19625,18528,1958,4434,1412,129,46086,20.3,30.1,19.7,29.7,208
E14000553,Bermondsey and Old Southwark,Lib-Dem,79818,6051,22146,17657,3254,2023,293,51424,33.3,32.6,12.2,21.6,324
E14000554,Berwick-upon-Tweed,Lib-Dem,55893,16603,6042,11689,4513,1488,88,40423,19.2,27.7,26.5,26.4,155
E14000555,Bethnal Green and Bow,Labour,76570,8070,32387,2395,3219,4906,1947,52924,29.1,32.6,10.1,28.0,331
E14000556,Beverley and Holderness,Conservative,79163,25363,13160,2900,8794,1802,658,52677,23.4,31.4,24.4,20.6,178
E14000557,Bexhill and Battle,Conservative,77455,30245,7797,4199,10170,2807,0,55218,23.3,32.7,23.9,19.9,170
E14000558,Bexleyheath and Crayford,Conservative,65249,20643,11451,1308,9182,950,151,43685,18.1,36.2,23.5,22.0,154
E14000559,Birkenhead,Labour,60880,5816,26468,1396,3838,1626,0,39144,13.0,27.5,19.8,39.4,213
E14000560,Birmingham Edgbaston,Labour,62467,15812,18518,1184,4154,1371,254,41293,26.9,31.3,15.4,26.2,235
E14000561,Birmingham Erdington,Labour,64178,10695,15824,965,6040,948,212,34684,12.5,27.9,21.6,37.9,180
E14000562,Birmingham Hall Green,Labour,74787,8329,28147,5459,2131,2200,780,47046,22.2,26.6,15.8,35.3,261
E14000563,Birmingham Hodge Hill,Labour,74292,4707,28069,2624,4651,835,153,41039,7.6,22.2,19.1,50.9,214
E14000564,Birmingham Ladywood,Labour,64247,4576,26444,1374,1805,1501,216,35916,17.0,30.4,13.2,39.2,167
E14000565,Birmingham Northfield,Labour,70505,15164,17673,1349,7106,1169,0,42461,14.6,29.4,22.1,33.7,181
E14000566,Birmingham Perry Barr,Labour,68712,8869,23697,2001,5032,1330,331,41260,12.5,29.2,20.9,37.2,303
E14000567,Birmingham Selly Oak,Labour,71917,13137,21584,2517,5755,2301,0,45294,21.9,34.6,17.4,25.8,251
E14000568,Birmingham Yardley,Lib-Dem,71167,5760,17129,10534,6637,698,393,41151,11.7,27.5,22.6,37.9,169
E14000569,Bishop Auckland,Labour,64900,12799,16307,1723,7015,1545,0,39389,14.8,25.1,25.4,34.6,185
E14000570,Blackburn,Labour,72345,12002,24762,955,6280,,0,43999,12.5,24.9,20.8,41.6,247
E14000571,Blackley and Broughton,Labour,69450,5581,22982,874,6108,1567,0,37112,12.2,27.9,17.5,42.2,229
E14000572,Blackpool North and Cleveleys,Conservative,61504,17508,14168,948,5823,889,57,39393,12.4,33.1,21.4,33.0,170
E14000573,Blackpool South,Labour,56200,10963,13548,743,5613,841,728,32436,9.8,29.6,21.1,39.3,161
E14000574,Blaydon,Labour,66267,7838,22090,5497,7863,1648,0,44936,18.3,31.8,22.5,27.2,219
E14000575,Blyth Valley,Labour,60326,8346,17813,2265,8584,1453,0,38461,13.9,33.0,22.6,30.3,157
E14000576,Bognor Regis and Littlehampton,Conservative,71091,24185,6508,4240,10241,1942,0,47116,16.0,30.5,24.8,28.5,141
E14000577,Bolsover,Labour,71323,10764,22542,1464,9228,,0,43998,13.6,25.6,26.2,34.4,219
E14000578,Bolton North East,Labour,66062,14164,18541,1236,8117,1103,0,43161,16.3,29.1,21.0,33.5,189
E14000579,Bolton South East,Labour,67918,8289,20555,1072,9627,1200,0,40743,11.5,27.8,21.6,38.9,189
E14000580,Bolton West,Labour,70957,19744,18943,1947,7428,,530,48592,23.2,31.3,21.2,24.0,205
E14000581,Bootle,Labour,67334,3639,33619,978,4915,1501,500,45152,11.4,31.2,20.8,36.4,229
E14000582,Boston and Skegness,Conservative,66150,18981,7142,1015,14645,800,756,43339,10.8,24.0,25.2,39.8,137
E14000583,Bosworth,Conservative,78641,22939,9354,11951,9338,,0,53582,21.9,31.1,24.0,22.8,155
E14000584,Bournemouth East,Conservative,71675,22060,7448,3752,7401,3263,903,44827,21.9,33.8,19.8,24.3,155
E14000585,Bournemouth West,Conservative,70565,20155,7386,3281,7745,3107,99,41773,19.1,35.6,21.1,24.0,142
E14000586,Bracknell,Conservative,77288,29606,8956,3983,8339,2202,0,53086,29.0,33.5,19.9,17.3,152
E14000587,Bradford East,Lib-Dem,64613,4682,19312,12228,4103,871,210,41406,11.1,25.9,19.9,42.9,218
E14000588,Bradford South,Labour,62794,9878,16328,1094,9057,1243,0,37600,11.6,28.7,23.7,35.8,176
E14000589,Bradford West,Labour,61642,6160,19977,1173,3140,1085,8755,40290,12.6,28.5,16.5,42.2,283
E14000590,Braintree,Conservative,73169,27071,9296,2488,9461,1564,403,50283,20.4,31.9,26.2,21.3,149
E14000591,Brent Central,Lib-Dem,73637,9567,29216,3937,1850,1912,550,47032,18.0,29.2,19.7,32.8,243
E14000592,Brent North,Labour,79906,17517,28351,2607,2024,1539,197,52235,22.5,29.9,19.5,27.9,198
E14000593,Brentford and Isleworth,Conservative,80362,24631,25096,2305,3203,2120,0,57355,33.7,32.5,14.9,18.6,325
E14000594,Brentwood and Ongar,Conservative,73038,30534,6492,4577,8724,1397,173,51897,30.3,36.0,18.4,15.1,165
E14000595,Bridgwater and Somerset West,Conservative,80816,25020,9589,6765,10437,2636,0,54447,16.7,26.4,27.2,29.5,161
E14000596,Brigg and Goole,Conservative,64567,22946,11770,764,6694,915,181,43270,17.1,26.3,27.4,29.1,153
E14000597,Brighton Kemptown,Conservative,64097,18428,17738,1365,4446,3187,142,45306,20.7,35.5,19.4,24.2,236
E14000598,Brighton Pavilion,Other,69890,12448,14904,1525,2724,22871,204,54676,31.3,38.3,13.7,16.4,321
E14000599,Bristol East,Labour,70817,14168,18148,2689,7152,3827,229,46213,17.6,32.9,22.8,26.5,189
E14000600,Bristol North West,Conservative,74997,22767,17823,3214,4889,2952,160,51805,27.1,28.6,17.8,26.3,200
E14000601,Bristol South,Labour,80674,12377,19505,4416,8381,5861,302,50842,18.7,29.0,22.6,29.4,211
E14000602,Bristol West,Lib-Dem,83212,9752,22900,12103,1940,17227,296,64218,35.3,36.2,10.1,18.3,343
E14000603,Broadland,Conservative,71730,26808,9970,5178,8881,2252,0,53089,21.5,31.4,26.3,20.6,159
E14000604,Bromley and Chislehurst,Conservative,64525,23343,9779,2836,6285,1823,0,44066,31.0,35.1,15.9,17.8,180
E14000605,Bromsgrove,Conservative,72266,28133,11604,2616,8163,1729,0,52245,30.6,32.3,20.6,16.2,169
E14000606,Broxbourne,Conservative,72392,25797,8470,1467,9074,1216,0,46024,19.1,33.3,24.4,23.1,149
E14000607,Broxtowe,Conservative,69292,24163,19876,2120,5674,1544,63,53440,27.8,31.5,19.6,20.8,237
E14000608,Buckingham,Other,76866,,,,11675,7400,34617,53692,36.2,31.8,19.1,12.7,163
E14000609,Burnley,Lib-Dem,63761,5374,14951,11707,6864,850,0,39746,12.7,26.2,23.7,37.3,188
E14000610,Burton,Conservative,74550,24736,13484,1232,8658,1224,0,49334,18.4,25.7,22.6,33.1,170
E14000611,Bury North,Conservative,66918,18970,18592,932,5595,1141,0,45230,21.2,31.9,20.2,26.5,209
E14000612,Bury South,Labour,73317,16350,21272,1690,6299,1434,170,47215,21.3,33.0,19.5,26.0,215
E14000613,Bury St Edmunds,Conservative,84838,31815,10514,3581,8739,4692,0,59341,23.6,31.2,22.9,22.1,170
E14000614,Calder Valley,Conservative,75275,23354,18927,2666,5950,2090,554,53541,25.2,31.4,21.4,21.8,264
E14000615,Camberwell and Peckham,Labour,79612,6790,32614,2580,2413,5187,1977,51561,22.4,33.2,15.9,28.4,413
E14000616,Camborne and Redruth,Conservative,65314,18452,11448,5687,6776,2608,897,45868,15.8,27.4,27.5,29.1,157
E14000617,Cambridge,Lib-Dem,74717,8117,18646,18047,2668,4109,187,51774,41.2,27.9,12.2,18.5,360
E14000618,Cannock Chase,Conservative,74189,20811,15888,1270,8224,906,0,47099,14.5,27.8,28.4,29.1,164
E14000619,Canterbury,Conservative,79248,22918,13120,6227,7289,3746,165,53465,27.2,36.4,17.4,18.9,232
E14000620,Carlisle,Conservative,64597,18873,16099,1087,5277,1125,126,42587,14.3,27.2,24.0,34.2,180
E14000621,Carshalton and Wallington,Lib-Dem,69619,15093,7150,16603,7049,1492,226,47613,21.1,35.8,22.5,20.4,167
E14000622,Castle Point,Conservative,67361,23112,6283,801,14178,1076,0,45450,16.5,33.7,27.4,22.2,137
E14000623,Devon Central,Conservative,71342,28436,6985,6643,7171,4866,347,54448,25.4,28.5,26.0,19.8,177
E14000624,Suffolk Central and Ipswich No,Conservative,71001,30317,10173,3314,7459,2664,162,54089,25.4,29.4,24.8,20.2,172
E14000625,Charnwood,Conservative,76774,28384,11453,3605,8330,,489,52261,24.6,32.7,24.3,18.2,153
E14000626,Chatham and Aylesford,Conservative,66346,21614,10159,1360,8581,1101,258,43073,15.7,30.8,25.5,27.8,153
E14000627,Cheadle,Lib-Dem,72191,22889,8673,16436,4423,,674,53095,35.7,34.6,15.5,14.0,191
E14000628,Chelmsford,Conservative,78174,27732,9482,6394,7652,1892,665,53817,28.6,34.9,18.3,18.0,170
E14000629,Chelsea and Fulham,Conservative,59927,25322,9300,2091,2039,1474,0,40226,45.8,33.7,7.3,13.0,179
E14000630,Cheltenham,Lib-Dem,75055,24790,3902,18274,3808,2689,272,53735,29.5,34.3,15.9,20.1,165
E14000631,Chesham and Amersham,Conservative,70983,31138,6712,4761,7218,2902,0,52731,40.9,30.9,15.6,12.4,169
E14000632,Chesterfield,Labour,70189,8231,21829,6301,7523,1352,331,45567,17.1,28.8,23.4,30.5,206
E14000633,Chichester,Conservative,80281,32953,6933,4865,8540,3742,106,57139,28.6,31.6,20.7,18.8,169
E14000634,Chingford and Woodford Green,Conservative,65143,20999,12613,2400,5644,1854,294,43804,27.1,35.8,17.1,19.7,190
E14000635,Chippenham,Lib-Dem,72359,26354,4561,16278,5884,2330,0,55407,27.7,30.2,20.8,21.1,172
E14000636,Chipping Barnet,Conservative,74392,25759,18103,2381,4151,2501,118,53013,33.7,34.6,14.5,17.1,240
E14000637,Chorley,Labour,72642,18792,23322,1354,6995,1111,138,51712,23.6,30.3,22.4,23.4,212
E14000638,Christchurch,Conservative,67973,28887,4745,3263,10663,2149,0,49707,24.9,32.6,22.9,19.4,138
E14000639,Cities of London and Westminst,Conservative,56858,19570,9899,2521,1894,1953,348,36185,46.0,33.6,6.2,14.0,252
E14000640,"Chester, City of",Conservative,67521,22025,22118,2870,4148,,0,51161,28.8,31.0,16.4,23.5,244
E14000641,"Durham, City of",Labour,64556,10157,21596,5183,5232,2687,844,45699,24.6,33.3,17.7,24.3,264
E14000642,Clacton,Conservative,68163,16205,6364,812,19642,1184,0,44207,11.4,27.4,26.6,34.4,138
E14000643,Cleethorpes,Conservative,69088,21026,13133,1346,8356,1013,215,45089,15.1,27.3,25.9,31.5,155
E14000644,Colchester,Lib-Dem,72051,18919,7852,13344,5870,2499,109,48593,21.2,35.5,19.4,23.8,179
E14000645,Colne Valley,Conservative,79909,25246,19868,3407,5734,1919,626,56800,24.6,30.4,21.6,23.2,211
E14000646,Congleton,Conservative,69938,27164,10391,4623,6922,1876,0,50976,29.9,29.9,20.0,20.0,165
E14000647,Copeland,Labour,60974,14186,16750,1368,6148,1179,0,39631,18.9,25.8,24.9,30.2,193
E14000648,Corby,Conservative,79251,24023,21611,1458,7708,1374,0,56174,18.3,26.2,23.3,32.0,209
E14000649,Coventry North East,Labour,74252,9751,22025,2007,6278,1245,925,42231,11.9,28.3,20.5,39.2,230
E14000650,Coventry North West,Labour,71712,14048,18557,1810,7101,1961,1769,45246,17.7,32.4,21.1,28.5,184
E14000651,Coventry South,Labour,66482,15284,18472,1779,5709,1719,736,43699,20.6,34.3,17.1,27.9,204
E14000652,Crawley,Conservative,72568,22829,16303,1339,6979,1100,0,48550,17.6,33.8,23.0,25.4,203
E14000653,Crewe and Nantwich,Conservative,72324,22445,18825,1374,7252,,0,49896,20.6,27.8,22.0,29.3,209
E14000654,Croydon Central,Conservative,75732,22753,22588,1152,4810,1454,184,52941,23.1,34.9,18.8,23.0,219
E14000655,Croydon North,Labour,82105,12149,33513,1919,2899,2515,527,53522,18.9,36.2,18.1,26.6,271
E14000656,Croydon South,Conservative,80168,31448,14308,3448,6068,2154,286,57712,31.8,36.6,16.2,15.2,201
E14000657,Dagenham and Rainham,Labour,68334,10492,17830,717,12850,806,355,43050,12.6,32.0,25.2,30.0,194
E14000658,Darlington,Labour,65409,14479,17637,1966,5392,1444,223,41141,16.4,29.7,22.1,31.6,184
E14000659,Dartford,Conservative,75361,25670,13325,1454,10434,1324,211,52418,19.7,34.5,24.0,21.7,174
E14000660,Daventry,Conservative,71707,30550,9491,2352,8296,1829,0,52518,27.7,30.6,22.0,19.5,159
E14000661,Denton and Reddish,Labour,65221,9150,19661,957,7225,1466,222,38681,13.4,31.7,25.9,28.7,195
E14000662,Derby North,Labour,68425,16402,16361,3832,6532,1618,0,44745,21.5,30.6,20.2,27.5,209
E14000663,Derby South,Labour,68464,11179,20007,1717,6341,1208,368,40820,13.6,24.7,20.8,40.7,195
E14000664,Derbyshire Dales,Conservative,62678,24805,10761,3965,5508,2173,149,47361,30.6,25.9,24.6,18.7,195
E14000665,Devizes,Conservative,66330,28295,6360,3954,7544,2853,0,49006,26.4,33.6,21.9,17.8,144
E14000666,Dewsbury,Conservative,77506,20955,22406,1924,6649,1366,330,53630,19.5,27.2,22.4,30.8,212
E14000667,Don Valley,Labour,69145,10736,19621,1487,9963,,679,42486,15.2,26.9,25.8,31.9,195
E14000668,Doncaster Central,Labour,69086,8386,19840,1717,9747,,730,40420,13.8,26.3,23.2,36.6,194
E14000669,Doncaster North,Labour,68853,7235,20708,1005,8928,757,868,39501,11.3,24.6,26.1,37.7,196
E14000670,Dover,Conservative,72465,21737,15443,1572,10177,1295,0,50224,15.7,31.9,23.6,28.5,187
E14000671,Dudley North,Labour,60388,11704,15885,478,9113,517,295,37992,14.4,26.9,26.0,32.5,175
E14000672,Dudley South,Conservative,60118,16723,12453,828,7236,970,0,38210,14.5,27.9,27.6,29.8,152
E14000673,Dulwich and West Norwood,Labour,71996,11650,27772,5055,1606,4844,435,51362,33.8,33.0,12.5,20.4,444
E14000674,Ealing Central and Acton,Conservative,66766,21728,22002,3106,1926,1841,291,50894,38.3,31.9,12.5,17.1,294
E14000675,Ealing North,Labour,71848,14419,26745,1575,3922,1635,214,48510,21.2,30.3,21.9,26.4,232
E14000676,Ealing Southall,Labour,63134,9387,28147,1550,1769,2007,461,43321,21.0,28.2,19.7,30.8,343
E14000677,Easington,Labour,60804,4478,21132,834,6491,733,956,34624,10.5,26.4,23.3,39.6,219
E14000678,Devon East,Conservative,72483,25401,5591,3715,6870,,13140,54717,24.6,32.6,22.6,20.0,166
E14000679,East Ham,Labour,83042,6311,40563,856,2622,1299,639,52290,15.8,28.7,18.6,36.7,279
E14000680,Hampshire East,Conservative,68184,31334,5220,5732,6187,3176,0,51649,32.5,30.1,20.7,16.6,152
E14000681,Surrey East,Conservative,77153,32211,6627,5189,9553,2159,364,56103,30.2,35.4,20.2,13.9,153
E14000682,Worthing East and Shoreham,Conservative,71219,24686,9737,3360,8267,2605,1243,49898,20.7,34.1,23.5,21.6,171
E14000683,Yorkshire East,Conservative,79315,25276,10343,2966,8955,1731,720,49991,18.4,28.8,25.9,26.7,156
E14000684,Eastbourne,Lib-Dem,75929,20934,4143,20201,6139,1351,139,52907,19.0,33.2,22.1,25.6,164
E14000685,Eastleigh,Lib-Dem,79081,23464,7181,14317,8783,1513,247,55505,24.9,32.7,23.2,19.0,153
E14000686,Eddisbury,Conservative,65667,24167,11193,4289,5778,1624,301,47352,27.8,28.4,20.9,22.6,156
E14000687,Edmonton,Labour,65011,9969,25388,897,3366,1358,360,41338,13.2,29.9,18.4,38.2,220
E14000688,Ellesmere Port and Neston,Labour,66011,16041,22316,1563,5594,990,223,46727,19.3,28.9,22.4,29.1,198
E14000689,Elmet and Rothwell,Conservative,77510,27978,19488,2640,6430,1261,0,57797,27.2,33.4,21.2,18.0,206
E14000690,Eltham,Labour,62193,15700,18393,1308,6481,1275,0,43157,23.4,33.0,20.2,23.3,262
E14000691,Enfield North,Conservative,67276,19086,20172,1059,4133,1303,384,46137,19.9,32.8,18.2,28.9,219
E14000692,Enfield Southgate,Conservative,63829,22624,17871,1518,2109,1690,0,45812,33.2,33.7,14.5,18.3,264
E14000693,Epping Forest,Conservative,73302,27027,7962,3448,9049,1782,80,49348,25.7,36.4,19.3,18.3,157
E14000694,Epsom and Ewell,Conservative,76968,33309,8866,5002,7117,2116,733,57143,35.3,34.9,16.8,12.8,178
E14000695,Erewash,Conservative,70920,20636,17052,1658,7792,1184,0,48322,16.0,28.8,26.2,28.8,177
E14000696,Erith and Thamesmead,Labour,69774,11684,21209,972,7368,941,443,42617,15.1,32.8,22.3,29.5,215
E14000697,Esher and Walton,Conservative,78121,35845,7229,5372,5551,2355,624,56976,42.7,31.7,13.6,11.9,174
E14000698,Exeter,Labour,73936,17879,25062,2321,5075,3491,190,54018,21.7,34.7,19.2,24.2,277
E14000699,Fareham,Conservative,76712,30689,7800,4814,8427,2129,841,54700,28.9,35.0,20.2,15.8,143
E14000700,Faversham and Kent Mid,Conservative,66828,24895,7403,3039,8243,1768,455,45803,24.5,31.0,22.6,21.7,159
E14000701,Feltham and Heston,Labour,80208,14382,25845,1579,6209,1390,0,49405,15.4,30.7,23.4,30.3,248
E14000702,Filton and Bradley Stoke,Conservative,69645,22920,13082,3581,7261,2257,0,49101,28.4,33.4,20.3,17.8,171
E14000703,Finchley and Golders Green,Conservative,67860,25835,20173,1662,1732,1357,0,50759,38.6,32.3,11.9,17.0,312
E14000704,Folkestone and Hythe,Conservative,81967,26323,7939,4882,12526,2956,384,55010,18.8,31.7,23.5,25.8,164
E14000705,Forest of Dean,Conservative,68908,23191,12204,2630,8792,2703,0,49520,20.8,27.6,27.2,24.2,172
E14000706,Fylde,Conservative,63923,21406,8182,1623,5569,1381,5396,43557,27.7,33.8,17.8,20.5,146
E14000707,Gainsborough,Conservative,73639,25949,10500,3290,7727,1290,505,49261,21.1,29.1,25.6,24.0,146
E14000708,Garston and Halewood,Labour,71688,6693,33839,2279,4482,1690,0,48983,17.5,28.7,19.0,34.7,244
E14000709,Gateshead,Labour,62048,5502,21549,2585,6765,1548,0,37949,16.3,27.8,19.9,35.8,209
E14000710,Gedling,Labour,68859,17321,20307,1906,6930,1534,0,47998,20.4,33.1,23.5,22.7,208
E14000711,Gillingham and Rainham,Conservative,70589,22590,12060,1707,9199,1133,389,47078,16.3,33.4,25.1,25.0,169
E14000712,Gloucester,Conservative,81864,23827,16586,2828,7497,1485,342,52565,17.0,31.4,23.6,27.8,176
E14000713,Gosport,Conservative,72587,26364,6926,3298,9266,1707,104,47665,18.4,34.6,23.3,23.5,146
E14000714,Grantham and Stamford,Conservative,79181,28399,9070,3263,9410,1872,1741,53755,21.9,28.6,23.6,25.7,150
E14000715,Gravesham,Conservative,71013,23484,15114,1111,9306,1124,0,50139,17.1,29.6,25.0,28.1,183
E14000716,Great Grimsby,Labour,58089,8874,13414,1680,8417,783,563,33731,9.5,22.9,23.5,43.9,159
E14000717,Great Yarmouth,Conservative,68418,19089,12935,1030,10270,978,167,44469,11.2,27.7,25.4,35.5,161
E14000718,Greenwich and Woolwich,Labour,68979,12438,24384,2645,3888,2991,370,46716,29.5,31.0,14.6,24.7,359
E14000719,Guildford,Conservative,72266,30802,6534,8354,4774,2558,964,53986,38.9,31.4,15.6,13.9,173
E14000720,Hackney North and Stoke Newing,Labour,78588,7341,31357,2492,1085,7281,327,49883,27.8,32.7,12.6,26.7,438
E14000721,Hackney South and Shoreditch,Labour,77844,6420,30693,2186,1818,5519,1004,47640,25.5,33.7,12.4,28.3,349
E14000722,Halesowen and Rowley Regis,Conservative,67531,18933,15851,905,7280,849,0,43818,17.1,30.7,24.8,27.1,168
E14000723,Halifax,Labour,68155,17078,17506,1629,5621,1142,777,43753,16.0,29.1,22.4,32.4,227
E14000724,Haltemprice and Howden,Conservative,69480,26414,10219,3055,6781,1809,479,48757,29.7,33.0,22.2,15.0,168
E14000725,Halton,Labour,72175,8007,28292,1097,6333,1017,277,45023,13.4,28.6,21.9,35.9,221
E14000726,Hammersmith,Labour,68007,17463,23981,2224,2105,2105,82,47960,34.3,34.3,11.1,20.2,279
E14000727,Hampstead and Kilburn,Labour,74708,22839,23977,3039,1532,2387,190,53964,42.8,31.6,9.0,16.5,383
E14000728,Harborough,Conservative,76969,27675,8043,7037,7539,2177,0,52471,27.1,32.3,21.2,19.2,158
E14000729,Harlow,Conservative,67383,21623,13273,904,7208,954,289,44251,16.1,32.2,24.2,27.3,183
E14000730,Harrogate and Knaresborough,Conservative,75276,28153,5409,11782,5681,2351,0,53376,29.9,33.1,18.5,18.3,170
E14000731,Harrow East,Conservative,69463,24668,19911,1037,2333,846,205,49000,27.7,30.5,18.9,22.7,173
E14000732,Harrow West,Labour,67796,19677,21885,1567,2047,1310,117,46603,32.7,31.0,15.4,20.6,207
E14000733,Hartlepool,Labour,68588,8256,14076,761,11052,1341,4004,39490,12.7,25.6,23.8,37.8,164
E14000734,Harwich and Essex North,Conservative,67885,24722,9548,3576,8464,2122,0,48432,23.0,31.5,24.3,20.9,173
E14000735,Hastings and Rye,Conservative,72328,22686,17890,1614,6786,1951,0,50927,15.7,31.4,23.2,29.4,261
E14000736,Havant,Conservative,69883,23159,7149,2929,9239,2352,0,44828,19.4,27.9,24.5,28.0,144
E14000737,Hayes and Harlington,Labour,73988,11143,26843,888,5388,794,0,45056,13.8,31.2,24.4,30.4,205
E14000738,Hazel Grove,Lib-Dem,62543,17882,7584,11330,5283,1140,0,43219,24.6,33.5,21.5,20.2,178
E14000739,Hemel Hempstead,Conservative,71793,26245,11825,2402,7249,1660,252,49633,23.7,33.2,21.2,21.6,171
E14000740,Hemsworth,Labour,72099,9694,21772,1357,8565,,1018,42406,15.0,24.8,24.4,35.6,221
E14000741,Hendon,Conservative,71074,24328,20604,1088,2595,1015,0,49630,27.0,31.5,16.7,24.6,193
E14000742,Henley,Conservative,76170,32292,6917,6205,6007,3815,0,55236,38.8,30.3,18.2,12.4,189
E14000743,Hereford and Herefordshire Sou,Conservative,68463,24844,6042,5002,7954,3415,0,47257,18.2,28.0,25.3,28.3,144
E14000744,Hertford and Stortford,Conservative,77083,31593,10084,4385,7534,2681,0,56277,33.6,33.7,17.9,14.6,195
E14000745,Hertsmere,Conservative,72502,29696,11235,2777,6383,,0,50091,28.8,35.1,18.2,17.8,168
E14000746,Hexham,Conservative,58907,22834,10803,2961,4302,2445,0,43345,30.6,28.0,22.3,18.9,208
E14000747,Heywood and Middleton,Labour,80025,9268,20926,1607,15627,1110,0,48538,15.4,29.0,23.1,32.3,202
E14000748,High Peak,Conservative,71854,22836,17942,2389,5811,1811,0,50789,24.3,28.5,23.6,23.4,238
E14000749,Hitchin and Harpenden,Conservative,73709,31488,11433,4484,4917,3053,0,55375,42.4,30.4,14.2,12.8,210
E14000750,Holborn and St Pancras,Labour,80183,12014,29062,3555,2740,7013,533,54917,32.8,37.1,9.4,20.5,534
E14000751,Hornchurch and Upminster,Conservative,79263,27051,11103,1501,13977,1411,193,55236,20.1,35.3,23.2,21.2,172
E14000752,Hornsey and Wood Green,Lib-Dem,72741,5347,29417,18359,1271,3146,245,57785,38.1,33.4,10.6,17.6,547
E14000753,Horsham,Conservative,76761,32627,6499,6647,7969,2198,985,56925,32.1,34.2,19.3,14.2,157
E14000754,Houghton and Sunderland South,Labour,68252,7105,21218,791,8280,1095,0,38489,12.1,29.2,23.5,35.0,193
E14000755,Hove,Conservative,70147,20846,22082,1861,3265,3569,591,52214,30.0,37.1,15.0,17.7,292
E14000756,Huddersfield,Labour,62347,10841,18186,2365,5948,2798,340,40478,16.4,30.4,19.7,33.3,188
E14000757,Huntingdon,Conservative,81586,29652,10248,4375,9473,2178,0,55926,26.8,32.2,20.4,20.4,162
E14000758,Hyndburn,Labour,66762,13676,18076,859,9154,1122,0,42887,13.8,27.3,25.0,33.7,174
E14000759,Ilford North,Conservative,73218,20874,21463,1130,4355,1023,87,48932,26.2,34.4,17.4,21.9,203
E14000760,Ilford South,Labour,88644,13455,33232,1014,2705,1506,0,51912,23.3,31.9,16.5,28.1,253
E14000761,Ipswich,Conservative,73192,21794,18061,1400,5703,1736,0,48694,17.9,28.4,22.2,31.3,199
E14000762,Isle of Wight,Conservative,107656,28591,8984,5235,14888,9404,3198,70300,18.2,29.4,24.8,27.5,173
E14000763,Islington North,Labour,69031,8465,29659,3984,1971,5043,112,49234,33.6,33.8,10.5,21.9,488
E14000764,Islington South and Finsbury,Labour,64212,9839,22547,4829,3375,3371,309,44270,37.1,32.5,9.3,20.9,369
E14000765,Jarrow,Labour,63650,6584,21464,1238,7583,1310,385,38564,14.7,29.3,23.3,32.4,216
E14000766,Keighley,Conservative,67347,21766,18713,1321,5662,1661,0,49123,21.9,28.3,22.5,27.1,226
E14000767,Kenilworth and Southam,Conservative,64360,28474,7472,4913,5467,1956,509,48791,38.4,30.6,17.4,13.3,168
E14000768,Kensington,Conservative,58535,18199,10838,1962,1557,1765,507,34828,43.1,33.6,7.3,15.8,200
E14000769,Kettering,Conservative,69297,24467,11877,1490,7600,1633,151,47218,20.3,29.5,24.3,25.7,174
E14000770,Kingston and Surbiton,Lib-Dem,78067,23249,8574,20415,4321,2322,372,59253,34.0,35.3,14.9,15.6,208
E14000771,Hull East,Labour,65221,5593,18180,2294,7861,806,410,35144,8.9,24.5,26.1,40.3,180
E14000772,Hull North,Labour,61774,5306,18661,3175,5762,2066,366,35336,12.3,28.9,21.4,37.3,186
E14000773,Hull West and Hessle,Labour,58212,5561,15646,3169,6313,943,171,31803,11.2,25.8,23.7,39.1,157
E14000774,Kingswood,Conservative,67415,23252,14246,1827,7133,1370,297,48125,21.3,33.2,25.5,19.8,167
E14000775,Knowsley,Labour,77725,3367,39628,1490,4973,1270,0,50728,9.9,27.2,21.8,40.9,257
E14000776,Lancaster and Fleetwood,Conservative,61903,16378,17643,1390,4060,2093,174,41738,22.0,31.4,20.9,25.4,213
E14000777,Leeds Central,Labour,73793,7791,24758,1529,7082,3558,330,45048,14.6,32.5,16.6,36.0,241
E14000778,Leeds East,Labour,63296,7997,20530,1296,7256,1117,0,38196,11.4,27.3,22.8,38.3,236
E14000779,Leeds North East,Labour,66643,15887,23137,2569,3706,2541,451,48291,35.2,31.3,13.4,19.9,259
E14000780,Leeds North West,Lib-Dem,56012,8083,13041,15948,2997,3042,246,43357,29.5,39.1,14.5,16.7,244
E14000781,Leeds West,Labour,62092,7729,18456,1495,7104,3217,422,38423,16.0,31.5,21.7,30.7,201
E14000782,Leicester East,Labour,74785,11034,29386,1233,4290,1468,657,48068,10.9,24.8,20.0,44.2,193
E14000783,Leicester South,Labour,69996,9628,27473,2127,3832,2533,349,45942,17.9,33.3,14.8,33.9,245
E14000784,Leicester West,Labour,61877,8848,16051,1507,5950,1878,288,34522,12.2,28.0,19.6,39.9,189
E14000785,Leigh,Labour,72868,10216,24312,1150,8903,,542,45123,16.0,30.2,24.1,29.4,189
E14000786,Lewes,Lib-Dem,67685,19206,5000,18123,5427,2784,0,50540,27.0,33.0,21.1,18.7,215
E14000787,Lewisham East,Labour,64882,9574,23907,2455,3886,2429,672,42923,25.0,34.2,16.8,23.8,279
E14000788,Lewisham West and Penge,Labour,69478,11633,24347,3709,3764,4077,595,48125,26.7,35.7,15.8,21.6,331
E14000789,Lewisham Deptford,Labour,68895,7056,28572,2497,2013,5932,1356,47426,26.8,35.6,14.4,23.0,380
E14000790,Leyton and Wanstead,Labour,61100,8939,23858,2304,2341,2974,289,40705,25.3,32.3,17.5,24.7,314
E14000791,Lichfield,Conservative,73760,28389,10200,2700,8082,1976,120,51467,28.6,30.1,21.1,19.9,179
E14000792,Lincoln,Conservative,69378,19976,18533,1992,5721,,630,46852,16.1,30.4,21.7,31.6,221
E14000793,Liverpool Riverside,Labour,63901,4245,29835,1719,2510,5372,582,44263,21.9,39.0,10.6,28.3,270
E14000794,Liverpool Walton,Labour,60165,1802,31222,899,3445,956,79,38403,7.9,28.1,19.9,43.9,202
E14000795,Liverpool Wavertree,Labour,58880,4098,28401,2454,3375,2140,506,40974,18.2,32.6,15.8,33.2,255
E14000796,Liverpool West Derby,Labour,61773,2710,30842,959,3475,996,2049,41031,11.5,29.8,20.1,38.4,211
E14000797,Loughborough,Conservative,70160,25762,16579,2130,5704,1845,0,52020,24.6,32.2,20.9,22.1,203
E14000798,Louth and Horncastle,Conservative,72741,25755,9077,2255,10778,1549,922,50336,15.8,27.4,27.5,29.1,152
E14000799,Ludlow,Conservative,65157,26093,5902,6469,7164,2435,0,48063,23.9,26.3,28.0,21.7,157
E14000800,Luton North,Labour,65984,12739,22243,1299,5318,972,0,42571,16.5,29.8,22.1,31.4,213
E14000801,Luton South,Labour,65291,12949,18660,3183,5129,1237,1058,42216,14.9,30.6,20.6,33.7,230
E14000802,Macclesfield,Conservative,69122,26063,11252,3842,6037,2404,0,49598,31.4,31.7,17.8,18.9,194
E14000803,Maidenhead,Conservative,72928,35453,6394,5337,4539,1915,217,53855,40.8,30.8,15.3,12.9,155
E14000804,Maidstone and The Weald,Conservative,70064,22745,5268,12036,7930,1396,635,50010,24.9,33.7,21.3,19.8,155
E14000805,Makerfield,Labour,71859,8752,23208,1639,10053,1136,0,44788,16.1,28.6,25.7,29.4,187
E14000806,Maldon,Conservative,68352,29112,5690,2157,7042,1504,2540,48045,25.2,33.0,23.5,18.0,147
E14000807,Manchester Central,Labour,77886,6133,27772,1867,5033,3838,688,45331,18.9,36.3,12.7,31.9,269
E14000808,Manchester Gorton,Labour,66179,4063,28187,1782,3434,4108,445,42019,15.5,33.4,14.6,36.3,338
E14000809,Manchester Withington,Lib-Dem,67094,4872,26843,11970,2172,4048,61,49966,35.8,34.3,10.5,19.2,404
E14000810,Mansfield,Labour,76620,13288,18603,1642,11850,1486,324,47193,13.1,26.8,25.6,34.3,183
E14000811,Meon Valley,Conservative,70792,31578,5656,4987,7665,1831,0,51717,31.9,31.4,20.6,16.0,138
E14000812,Meriden,Conservative,80457,28791,9996,2638,8908,2170,100,52603,25.5,29.7,18.8,25.8,164
E14000813,Bedfordshire Mid,Conservative,78480,32544,9217,4193,8966,2462,678,58060,30.2,33.7,21.5,14.4,170
E14000814,Derbyshire Mid,Conservative,66831,24908,12134,2292,6497,1898,0,47729,28.9,31.1,21.7,18.1,185
E14000815,Dorset Mid and Poole North,Lib-Dem,63548,23639,2767,13109,5663,1321,0,46499,25.9,31.5,24.1,18.2,137
E14000816,Norfolk Mid,Conservative,75939,27206,9585,3300,9930,2191,0,52212,19.1,29.8,27.1,23.8,153
E14000817,Sussex Mid,Conservative,78921,32268,7982,6604,6898,2453,1287,57492,30.9,35.5,18.9,14.4,170
E14000818,Worcestershire Mid,Conservative,71400,29763,7548,3750,9231,1933,0,52225,24.9,29.9,22.9,22.2,143
E14000819,Middlesbrough,Labour,61328,5388,18584,1220,6107,1407,0,32706,9.5,25.6,20.2,44.4,207
E14000820,Middlesbrough South and Clevel,Labour,70557,16925,19193,1564,6935,1060,0,45677,16.3,26.8,24.2,32.4,186
E14000821,Milton Keynes North,Conservative,83666,27244,17491,3575,6852,2255,275,57692,25.9,32.4,17.8,23.7,196
E14000822,Milton Keynes South,Conservative,86765,27601,18929,2309,7803,1936,371,58949,24.7,31.8,18.7,24.6,191
E14000823,Mitcham and Morden,Labour,66315,10458,27380,1378,4287,1422,217,45142,19.6,32.8,21.4,26.0,277
E14000824,Mole Valley,Conservative,71973,33434,4565,7981,6181,2979,0,55140,37.9,31.6,17.7,12.6,160
E14000825,Morecambe and Lunesdale,Conservative,65246,19691,15101,1612,5358,1395,85,43242,16.6,28.2,25.3,29.6,193
E14000826,Morley and Outwood,Labour,74665,18776,18354,1426,7951,1264,479,48250,20.6,34.5,23.4,21.4,191
E14000827,New Forest East,Conservative,72466,27819,6018,4626,8657,2327,0,49447,22.8,32.1,23.7,21.2,142
E14000828,New Forest West,Conservative,68124,28420,5133,3293,7816,2748,0,47410,26.6,30.3,23.4,19.5,142
E14000829,Newark,Conservative,71998,29834,11360,2385,6294,1792,637,52302,25.6,29.0,22.0,23.2,189
E14000830,Newbury,Conservative,77271,34973,4837,8605,6195,2324,366,57300,33.7,29.8,19.4,16.9,148
E14000831,Newcastle upon Tyne Central,Labour,55326,6628,19301,2218,5214,1724,0,35085,17.2,30.9,15.5,36.2,213
E14000832,Newcastle upon Tyne East,Labour,58546,6884,19378,4332,4910,3426,292,39222,21.3,37.8,13.1,27.5,262
E14000833,Newcastle upon Tyne North,Labour,66588,10536,20689,4366,7447,1515,338,44891,21.9,30.8,19.7,27.4,203
E14000834,Newcastle-under-Lyme,Labour,66037,15870,16520,1826,7252,1246,283,42997,18.8,29.5,22.1,29.3,182
E14000835,Newton Abbot,Conservative,69341,22794,4736,11506,6726,2216,221,48199,20.1,30.8,24.9,24.0,154
E14000836,"Normanton, Pontefract and Cast",Labour,81583,9569,25213,1330,9785,,0,45897,11.7,25.3,25.4,37.4,212
E14000837,Cornwall North,Lib-Dem,65498,21689,2621,15068,6121,2063,683,48245,16.4,25.6,30.8,27.0,138
E14000838,Devon North,Lib-Dem,73404,22341,3699,15405,7719,3018,138,52320,17.7,27.8,27.8,26.5,139
E14000839,Dorset North,Conservative,71932,30227,4785,6226,9109,3038,0,53385,24.9,29.4,25.9,19.5,140
E14000840,Durham North,Labour,64369,8403,22047,2046,6404,1246,0,40146,15.6,29.5,23.1,31.6,193
E14000841,North East Bedfordshire,Labour,83937,34891,9247,3418,8579,2537,0,58672,28.9,32.6,22.1,16.2,169
E14000842,Cambridgeshire North East,Conservative,81188,28524,7476,2314,11650,1816,0,51780,14.2,26.6,27.5,31.5,144
E14000843,Derbyshire North East,Labour,71541,17605,19488,2004,7631,1059,161,47948,19.4,29.5,24.6,26.3,206
E14000844,Hampshire North East,Conservative,73274,35573,5290,5657,4732,2364,384,54000,41.9,31.6,16.0,10.2,134
E14000845,Hertfordshire North East,Conservative,72358,28949,9869,3952,6728,2789,0,52287,30.4,30.9,20.2,18.3,172
E14000846,Somerset North East,Conservative,67772,25439,12690,4029,6150,2802,0,51110,26.5,29.8,24.9,18.7,190
E14000847,Herefordshire North,Conservative,65014,26716,5478,5768,6720,3341,0,48023,23.8,26.8,27.3,21.8,151
E14000848,Norfolk North,Lib-Dem,67875,15256,5043,19299,8328,1488,0,49414,17.7,27.8,28.1,26.3,151
E14000849,Shropshire North,Conservative,77527,27041,10547,3148,9262,2575,0,52573,20.3,27.9,26.4,25.3,159
E14000850,Somerset North,Conservative,78636,31540,8441,7486,7669,3806,0,58942,32.2,32.8,19.2,15.6,179
E14000851,Swindon North,Conservative,79993,26295,14509,1704,8011,1723,0,52242,20.6,30.8,23.0,25.3,176
E14000852,Thanet North,Conservative,69861,23045,8411,1645,12097,1719,136,47053,16.5,30.0,25.5,27.9,155
E14000853,Tyneside North,Labour,78089,8997,26191,2075,7618,1442,495,46818,15.0,33.1,21.4,30.3,209
E14000854,Warwickshire North,Conservative,68953,20042,17069,978,8256,894,138,47377,16.6,29.1,26.4,27.7,172
E14000855,Cambridgeshire North West,Conservative,90956,32070,10927,3479,12275,2159,190,61100,23.5,33.0,21.6,21.8,153
E14000856,Durham North West,Labour,68571,10018,20074,3894,7265,1567,0,42818,17.4,28.7,24.1,29.6,212
E14000857,Hampshire North West,Conservative,78335,32052,7342,5151,8109,2541,0,55195,28.6,31.3,21.6,18.3,145
E14000858,Leicestershire North West,Conservative,70248,25505,14132,2033,8704,1174,0,51548,22.0,28.8,24.7,24.2,186
E14000859,Norfolk North West,Conservative,71232,24727,10779,1673,8412,1780,0,47371,15.5,26.3,25.8,32.2,156
E14000860,Wiltshire North,Conservative,65481,28938,4930,7892,5813,2350,633,50556,31.8,31.1,20.6,16.4,146
E14000861,Northampton North,Conservative,57679,16699,13454,1401,6354,1503,0,39411,16.7,31.0,22.7,29.5,161
E14000862,Northampton South,Conservative,59059,16163,12370,1673,7114,1403,161,38884,17.0,31.2,20.7,31.0,169
E14000863,Norwich North,Conservative,63351,19052,14589,1894,5986,1939,132,43592,16.2,30.6,24.7,28.4,176
E14000864,Norwich South,Lib-Dem,69327,11379,19033,6607,4539,6749,156,48463,23.4,32.2,16.8,27.4,283
E14000865,Nottingham East,Labour,55184,7314,19208,1475,3501,3473,238,35209,16.8,33.3,15.7,34.1,320
E14000866,Nottingham North,Labour,64048,7423,19283,847,6542,1088,160,35343,8.4,25.1,22.6,43.7,177
E14000867,Nottingham South,Labour,61792,13761,20697,1532,4900,2345,230,43465,19.3,37.0,15.0,28.6,264
E14000868,Nuneaton,Conservative,67216,20827,15945,816,6582,1281,298,45749,16.3,27.9,24.4,31.2,160
E14000869,Old Bexley and Sidcup,Conservative,66376,24682,8879,1644,8528,1336,1679,46748,22.8,38.8,21.9,16.2,162
E14000870,Oldham East and Saddleworth,Labour,70726,11527,17529,5718,8557,1152,0,44483,17.2,27.4,22.5,32.6,207
E14000871,Oldham West and Royton,Labour,71001,8187,23630,1589,8892,839,0,43137,11.9,27.0,21.8,39.1,264
E14000872,Orpington,Conservative,67582,28152,7645,3330,8173,1732,0,49032,28.5,37.1,18.4,15.9,159
E14000873,Oxford East,Labour,74047,10076,25356,5453,3451,5890,463,50689,30.7,30.4,14.4,24.3,357
E14000874,Oxford West and Abingdon,Conservative,77047,26153,7274,16571,3963,2497,789,57247,40.2,29.5,16.0,14.2,275
E14000875,Pendle,Conservative,64170,20978,15525,1487,5415,1043,0,44448,14.9,24.8,25.1,35.0,178
E14000876,Penistone and Stocksbridge,Labour,69994,12968,19691,2957,10738,,500,46854,22.4,30.8,24.4,22.2,184
E14000877,Penrith and The Border,Conservative,64043,26202,6308,3745,5353,2313,0,43921,20.0,25.6,30.9,23.3,159
E14000878,Peterborough,Conservative,71982,18684,16759,1774,7485,1218,1155,47075,14.2,26.8,21.1,37.7,169
E14000879,Plymouth Moor View,Labour,66386,16020,14994,1265,9152,1023,152,42606,11.6,27.6,26.7,33.9,158
E14000880,Plymouth Sutton and Devonport,Conservative,66576,18120,17597,2008,6731,3401,106,47963,16.7,35.5,19.4,28.2,208
E14000881,Poole,Conservative,71488,23745,6102,5572,7956,2198,1820,47393,23.3,31.7,23.1,21.7,143
E14000882,Poplar and Limehouse,Labour,77570,12962,29886,2149,3128,2463,456,51044,36.5,28.3,9.4,25.5,264
E14000883,Portsmouth North,Conservative,72865,21343,10806,2828,8660,1450,303,45390,17.3,31.1,24.4,27.0,155
E14000884,Portsmouth South,Lib-Dem,68731,14585,8184,9344,5595,3145,1050,41903,20.1,37.6,15.9,26.2,175
E14000885,Preston,Labour,57247,6688,18755,1244,5139,1643,0,33469,12.6,30.3,19.8,37.1,173
E14000886,Pudsey,Conservative,68667,23637,19136,1926,4689,1539,0,50927,30.1,33.1,20.1,16.5,215
E14000887,Putney,Conservative,59719,23018,12838,2717,1989,2067,184,42813,42.9,31.3,10.3,15.3,226
E14000888,Rayleigh and Wickford,Conservative,76082,29088,6705,1622,11858,1529,2418,53220,23.0,38.2,23.2,15.5,134
E14000889,Reading East,Conservative,68541,23217,16697,3719,3647,3214,0,50494,36.5,31.1,15.2,17.0,239
E14000890,Reading West,Conservative,70441,23082,16432,2355,4826,1406,303,48404,25.3,30.2,21.3,23.0,190
E14000891,Redcar,Lib-Dem,63970,6630,17946,7558,7516,880,389,40919,11.3,26.9,24.6,37.0,164
E14000892,Redditch,Conservative,64863,20771,13717,1349,7133,960,168,44098,18.8,29.1,24.2,27.8,160
E14000893,Reigate,Conservative,72547,29151,6578,5369,6817,3434,0,51349,34.8,34.5,16.9,13.6,160
E14000894,Ribble Valley,Conservative,76596,25404,11798,2756,8250,2193,1842,52243,25.8,31.0,24.0,19.0,168
E14000895,Richmond (Yorks),Conservative,77417,27744,7124,3465,8194,2313,5159,53999,24.2,33.1,23.3,19.3,166
E14000896,Richmond Park,Conservative,73910,34404,7296,11389,2464,3548,0,59101,50.4,31.0,8.5,10.0,270
E14000897,Rochdale,Labour,77196,7742,20961,4667,8519,1382,2159,45430,13.3,26.5,21.2,38.7,216
E14000898,Rochester and Strood,Conservative,76537,23142,10396,1251,16009,1516,202,52516,18.5,32.3,25.3,23.6,168
E14000899,Rochford and Southend East,Conservative,70543,20241,10765,1459,8948,2195,0,43608,17.2,33.0,22.3,27.3,160
E14000900,Romford,Conservative,72399,25067,10268,1413,11208,1222,0,49178,19.3,37.2,22.9,20.4,161
E14000901,Romsey and Southampton North,Conservative,64514,26285,5749,8573,5511,2280,0,48398,33.0,32.2,17.4,17.2,152
E14000902,Rossendale and Darwen,Conservative,72818,22847,17193,806,6862,1046,270,49024,19.7,29.7,23.9,26.6,199
E14000903,Rother Valley,Labour,74256,10945,20501,1992,13204,,377,47019,18.3,28.2,26.2,27.1,179
E14000904,Rotherham,Labour,63871,4656,19860,1093,11414,,800,37823,10.7,24.0,24.1,41.0,197
E14000905,Rugby,Conservative,70650,24040,13695,2776,6855,1415,225,49006,23.6,28.4,21.7,26.1,173
E14000906,"Ruislip, Northwood and Pinner",Conservative,72810,30521,10297,2537,5598,1801,468,51222,38.2,33.4,15.2,13.0,175
E14000907,Runnymede and Weybridge,Conservative,71327,29901,7767,3362,6951,2071,0,50052,33.8,35.6,16.9,13.5,151
E14000908,Rushcliffe,Conservative,71505,28354,14525,2783,5943,3559,0,55164,39.9,31.5,14.6,13.8,238
E14000909,Rutland and Melton,Conservative,76867,30383,8383,4407,8678,2325,427,54603,28.0,29.9,22.2,19.8,157
E14000910,Saffron Walden,Conservative,79515,32926,6791,6079,7935,2174,1658,57563,32.1,32.8,20.5,14.4,168
E14000911,Salford and Eccles,Conservative,72283,8823,21364,1614,7806,2251,1403,43261,17.3,34.7,17.6,30.3,244
E14000912,Salisbury,Conservative,67110,28192,7771,5099,6152,2762,729,50705,28.3,30.9,21.0,19.5,153
E14000913,Scarborough and Whitby,Conservative,72050,20613,14413,2159,8162,2185,207,47739,15.4,27.8,25.2,31.4,180
E14000914,Scunthorpe,Labour,60340,12259,15393,770,6329,887,1303,36941,12.5,22.6,25.6,39.1,184
E14000915,Sedgefield,Labour,62055,11432,18275,1370,6426,1213,0,38716,16.2,28.0,23.7,32.0,209
E14000916,Sefton Central,Labour,66046,14513,26359,2086,4879,1184,0,49021,27.1,36.8,19.4,16.5,231
E14000917,Selby and Ainsty,Conservative,75367,27725,14168,1920,7389,1465,137,52804,25.1,29.7,24.1,20.9,177
E14000918,Sevenoaks,Conservative,69734,28531,6448,3937,8970,2238,0,50124,32.6,31.8,19.3,16.1,164
E14000919,Sheffield Central,Labour,68482,4917,24308,4278,3296,6999,375,44173,23.9,40.8,11.6,23.4,341
E14000920,Sheffield South East,Labour,68455,7242,21439,2226,9128,1117,533,41685,14.0,29.1,25.8,31.0,182
E14000921,Sheffield Brightside and Hills,Labour,69658,4407,22663,1802,8856,1712,613,40053,10.1,25.4,22.9,41.4,238
E14000922,Sheffield Hallam,Lib-Dem,70799,7544,19862,22215,3575,1772,513,55481,43.2,33.8,12.4,10.4,292
E14000923,Sheffield Heeley,Labour,66537,6792,20269,4746,7315,2566,360,42048,16.7,29.0,22.9,31.3,212
E14000924,Sherwood,Conservative,71559,22833,18186,1094,7399,1108,78,50698,17.4,29.3,25.6,27.5,209
E14000925,Shipley,Conservative,69199,25269,15645,1949,4479,2657,543,50542,27.4,33.8,19.9,18.7,225
E14000926,Shrewsbury and Atcham,Conservative,74831,24628,15063,4268,7813,2247,83,54102,23.6,29.5,23.8,22.8,210
E14000927,Sittingbourne and Sheppey,Conservative,72823,24425,9673,1563,12257,1185,275,49378,14.8,30.4,25.9,28.7,149
E14000928,Skipton and Ripon,Conservative,75831,30248,9487,4057,7651,3116,0,54559,26.8,29.4,24.9,18.7,181
E14000929,Sleaford and North Hykeham,Conservative,86986,34805,10690,3500,9716,,3233,61944,22.9,32.9,23.4,20.6,155
E14000930,Slough,Labour,84271,16085,23421,1275,6274,1220,0,48275,18.8,29.2,22.4,29.5,288
E14000931,Solihull,Lib-Dem,76911,26956,5693,14054,6361,1632,83,54779,32.2,33.5,17.9,16.2,153
E14000932,Somerton and Frome,Lib-Dem,82022,31960,4419,11692,6439,5434,365,60309,24.3,27.2,27.0,21.3,158
E14000933,Basildon South and Thurrock East,Conservative,70298,19788,11493,1356,12097,,859,45593,14.5,31.3,25.6,28.3,160
E14000934,Cambridgeshire South,Conservative,82134,31454,10860,9368,6010,3848,0,61540,40.1,28.8,17.6,13.3,214
E14000935,Derbyshire South,Conservative,72613,25066,13595,1887,8998,1216,0,50762,23.5,29.1,23.6,23.6,166
E14000936,Dorset South,Conservative,70209,23756,11762,2901,7304,2275,599,48597,18.8,30.4,25.7,24.9,180
E14000937,Cambridgeshire South East,Conservative,83133,28845,9013,12008,6593,3047,0,59506,33.3,29.0,21.1,16.5,186
E14000938,Cornwall South East,Conservative,69814,25516,4692,8521,7698,2718,1353,50498,20.1,29.9,26.3,23.5,155
E14000939,South Holland and The Deepings,Conservative,75680,29303,6122,1466,10736,1580,0,49207,16.2,27.1,26.9,29.6,131
E14000940,Leicestershire South,Conservative,76527,28700,11876,3987,9363,,0,53926,24.3,33.2,23.6,18.7,171
E14000941,Norfolk South,Conservative,78715,30995,10502,4689,7847,3090,0,57123,25.2,30.3,24.5,19.7,170
E14000942,Northamptonshire South,Conservative,83657,36607,10191,3613,8204,2247,0,60862,31.6,33.3,19.7,15.2,160
E14000943,South Ribble,Conservative,73995,24313,18368,2312,7377,,0,52370,24.2,32.9,22.8,19.8,181
E14000944,South Shields,Labour,62705,6021,18589,639,7975,1614,1427,36265,12.5,28.2,22.9,36.1,202
E14000945,Staffordshire South,Conservative,72009,29478,9107,1448,8267,1298,0,49598,24.1,32.5,24.2,19.0,147
E14000946,Suffolk South,Conservative,72403,27546,10001,4044,7897,2253,166,51907,24.0,30.4,24.3,21.1,175
E14000947,Swindon South,Conservative,72858,22777,16992,1817,5920,1757,0,49263,23.2,29.7,20.0,26.9,191
E14000948,Thanet South,Conservative,68938,18838,11740,932,16026,1076,789,49401,18.2,29.4,22.7,29.5,182
E14000949,South West Bedfordshire,Labour,78362,28212,10399,2646,7941,2106,0,51304,22.5,32.3,23.6,21.4,167
E14000950,Devon South West,Conservative,69264,28500,8391,3767,7306,2408,0,50372,24.1,34.4,23.9,17.4,160
E14000951,Hertfordshire South West,Conservative,77872,32608,9345,5872,6603,2583,256,57267,38.0,31.7,16.8,13.3,181
E14000952,Norfolk South West,Conservative,75284,25515,8649,2217,11654,2075,0,50110,15.3,28.5,27.4,28.6,138
E14000953,Surrey South West,Conservative,75543,34199,5415,3586,5643,3105,5171,57119,41.1,29.9,16.5,12.3,161
E14000954,Wiltshire South West,Conservative,70815,27198,6948,5482,9030,2985,0,51643,21.3,30.2,23.5,24.8,150
E14000955,Southampton Itchen,Labour,70111,18656,16340,1595,6010,1876,233,44710,16.7,31.3,23.2,28.6,181
E14000956,Southampton Test,Labour,66932,14207,18017,2121,5566,2568,1173,43652,19.6,32.2,18.6,29.3,225
E14000957,Southend West,Conservative,65820,22175,8154,4129,7803,2083,165,44509,22.7,36.7,21.0,19.4,157
E14000958,Southport,Lib-Dem,65188,12330,8468,13652,7429,1230,992,44101,20.9,32.2,20.6,26.1,178
E14000959,Spelthorne,Conservative,70243,24386,9114,3163,10234,1724,458,49079,24.3,37.9,21.3,16.3,159
E14000960,St Albans,Conservative,70529,25392,12660,10076,4271,2034,0,54433,43.0,29.9,13.2,13.8,234
E14000961,St Austell and Newquay,Conservative,75031,20250,5150,12077,8503,2318,2063,50361,15.3,27.4,29.0,28.1,134
E14000962,St Helens North,Conservative,74213,9087,26378,2046,6983,1762,0,46256,16.0,27.7,23.0,33.1,184
E14000963,St Helens South and Whiston,Conservative,76426,7707,28950,2737,6766,2237,0,48397,14.9,28.4,22.4,34.1,208
E14000964,St Ives,Conservative,66136,18491,4510,16022,5720,3051,518,48312,17.5,29.7,27.3,25.3,165
E14000965,Stafford,Conservative,67338,23606,14429,1348,6293,1390,1701,48767,23.7,33.8,20.1,22.2,182
E14000966,Staffordshire Moorlands,Conservative,62607,21770,11596,1759,6236,1226,0,42587,20.3,28.5,27.4,23.6,156
E14000967,Stalybridge and Hyde,Labour,70137,11761,18447,1256,7720,1850,0,41034,16.4,30.3,23.5,29.6,213
E14000968,Stevenage,Conservative,70068,21291,16336,1582,6864,1369,357,47799,21.6,32.3,22.3,23.7,197
E14000969,Stockport,Labour,62619,9710,19771,3034,5206,1753,175,39649,21.5,30.6,19.8,27.9,234
E14000970,Stockton North,Labour,64949,11069,19436,884,7581,,601,39571,13.2,26.5,23.2,36.9,158
E14000971,Stockton South,Conservative,73844,24221,19175,1366,5480,952,603,51797,22.5,32.0,20.7,24.5,180
E14000972,Stoke-on-Trent Central,Labour,59443,7008,12220,1296,7041,1123,2396,31084,10.5,28.4,22.2,38.8,165
E14000973,Stoke-on-Trent North,Labour,70995,10593,15429,1137,9542,1091,862,38654,10.2,24.5,26.5,38.6,159
E14000974,Stoke-on-Trent South,Labour,67477,12780,15319,1309,8298,1029,372,39107,11.8,25.5,25.2,37.3,153
E14000975,Stone,Conservative,66631,25733,9483,2473,7620,1191,531,47031,27.8,30.0,22.0,20.0,163
E14000976,Stourbridge,Conservative,68630,21195,14501,1538,7774,1021,0,46029,20.0,29.7,25.4,24.7,168
E14000977,Stratford-on-Avon,Conservative,69814,29674,6677,6182,6798,2128,0,51459,32.1,30.5,19.7,17.4,159
E14000978,Streatham,Labour,71647,12540,26474,4491,1602,4421,405,49933,32.3,33.1,13.7,20.7,385
E14000979,Stretford and Urmston,Labour,66657,12916,24601,1362,5068,2187,252,46386,19.6,33.7,19.0,27.6,229
E14000980,Stroud,Conservative,78955,27813,22947,2086,4848,2779,346,60819,28.0,28.0,23.8,19.9,247
E14000981,Suffolk Coastal,Conservative,79607,28855,10013,4777,8655,3294,0,55594,22.5,30.8,23.7,22.8,197
E14000982,Sunderland Central,Labour,72414,9780,20959,1105,7997,1706,215,41762,14.2,31.5,20.6,33.5,217
E14000983,Surrey Heath,Conservative,77594,32582,6100,4937,7778,2400,634,54431,34.3,34.4,18.1,13.0,145
E14000984,Sutton and Cheam,Lib-Dem,68536,20732,5546,16811,5341,1051,424,49905,28.8,35.9,19.5,15.6,152
E14000985,Sutton Coldfield,Conservative,74203,27782,11365,2627,7489,1426,165,50854,34.6,34.4,16.4,14.3,171
E14000986,Tamworth,Conservative,71201,23606,12304,1427,8727,1110,0,47174,18.2,30.4,23.5,27.7,148
E14000987,Tatton,Conservative,61758,26552,8311,3850,4871,1714,0,45298,37.3,30.7,15.5,16.3,167
E14000988,Taunton Deane,Lib-Dem,78391,27849,5347,12358,6921,2630,2782,57887,22.1,31.1,22.9,23.8,166
E14000989,Telford,Labour,65301,16094,15364,927,7330,930,0,40645,15.4,26.6,24.2,33.6,174
E14000990,Tewkesbury,Conservative,77819,30176,8204,7629,7128,2207,0,55344,26.1,33.5,21.3,18.9,147
E14000991,"Cotswolds, The",Conservative,75575,32045,5240,10568,6188,2626,0,56667,31.2,29.3,22.0,17.3,166
E14000992,"Wrekin, The",Conservative,65168,22579,11836,1959,7620,1443,0,45437,21.9,31.2,21.2,25.6,167
E14000993,Thirsk and Malton,Conservative,75880,27545,8089,4703,7805,2404,1819,52365,22.5,27.5,27.0,22.9,165
E14000994,Thornbury and Yate,Lib-Dem,65291,19924,3775,18429,5126,1316,0,48570,27.6,31.2,23.5,17.5,145
E14000995,Thurrock,Conservative,76317,16692,16156,644,15718,,354,49564,14.8,31.4,24.8,28.8,168
E14000996,Tiverton and Honiton,Conservative,73936,29013,6835,5626,8857,3415,0,53746,20.0,27.4,28.7,23.8,159
E14000997,Tonbridge and Malling,Conservative,72790,31887,7604,3660,8153,2366,0,53670,31.5,31.7,19.7,16.9,164
E14000998,Tooting,Labour,70547,22421,25263,2107,1537,2201,0,53529,40.8,32.9,10.6,15.5,315
E14000999,Torbay,Lib-Dem,75426,19551,4166,16265,6540,1557,0,48079,14.5,30.0,24.1,31.2,137
E14001000,Devon West and Torridge,Conservative,77624,28774,6015,7483,10371,3941,0,56584,19.1,26.2,29.9,24.6,153
E14001001,Totnes,Conservative,67099,24941,5988,4667,6656,4845,0,47097,21.8,29.1,25.2,23.8,161
E14001002,Tottenham,Labour,65044,5090,28654,1756,1512,3931,1615,42558,16.7,29.3,17.1,36.7,304
E14001003,Truro and Falmouth,Conservative,71403,22681,7814,8681,5967,4483,1918,51544,24.4,31.7,22.4,21.4,159
E14001004,Tunbridge Wells,Conservative,71551,30181,7307,4342,6481,2659,458,51428,32.7,31.4,18.2,17.5,176
E14001005,Twickenham,Lib-Dem,77333,25580,7129,23563,3069,2463,200,62004,44.6,33.5,11.0,10.7,252
E14001006,Tynemouth,Labour,76478,17551,25791,1595,6541,2017,0,53495,24.9,34.3,18.0,22.7,258
E14001007,Uxbridge and Ruislip South,Conservative,69150,22511,11816,2215,6346,1414,509,44811,23.3,37.1,21.3,18.1,167
E14001008,Vauxhall,Labour,73493,13070,25778,3312,1385,3658,738,47941,33.8,32.3,11.3,22.3,393
E14001009,Wakefield,Labour,69759,14688,17301,1483,7862,1069,570,42973,16.4,28.9,22.9,31.6,196
E14001010,Wallasey,Labour,63965,9828,26176,1011,5063,1288,0,43366,14.1,31.9,21.1,32.7,220
E14001011,Walsall North,Labour,66237,12455,14392,840,8122,529,554,36892,9.3,23.1,28.2,39.2,143
E14001012,Walsall South,Labour,66572,13733,19740,676,6540,1149,0,41838,14.0,25.4,22.5,37.8,200
E14001013,Walthamstow,Labour,64407,5584,28779,1661,2507,2661,604,41796,21.0,32.2,18.6,28.1,350
E14001014,Wansbeck,Labour,59923,8386,19267,2407,7014,1454,0,38528,15.7,29.4,22.3,32.4,199
E14001015,Wantage,Conservative,83971,31092,9343,7611,7288,2986,0,58320,33.7,29.1,19.8,17.2,188
E14001016,Warley,Labour,63413,7310,22012,805,6237,1465,0,37829,13.3,27.0,22.0,37.6,248
E14001017,Warrington North,Labour,72032,12797,21720,1881,7757,1264,0,45419,19.8,30.9,21.0,28.0,200
E14001018,Warrington South,Conservative,84333,25928,23178,3335,4909,1765,238,59353,29.6,31.9,17.8,20.5,217
E14001019,Warwick and Leamington,Conservative,68645,24249,17643,2512,4183,1994,0,50581,33.2,31.3,15.7,19.6,219
E14001020,Washington and Sunderland West,Labour,68239,7033,20478,993,7321,1091,341,37257,11.9,28.1,22.9,37.0,183
E14001021,Watford,Conservative,81779,24400,14606,10152,5481,1332,178,56149,27.2,33.6,19.9,19.0,186
E14001022,Waveney,Conservative,78355,22104,19696,1055,7580,1761,0,52196,14.1,27.2,27.3,31.2,183
E14001023,Wealden,Conservative,79351,32508,6165,5180,9541,3623,0,57017,29.2,31.7,22.8,16.1,165
E14001024,Weaver Vale,Conservative,66314,20227,19421,1395,4547,1183,94,46867,24.3,29.0,19.2,27.3,190
E14001025,Wellingborough,Conservative,75990,26265,9839,2240,9868,2218,0,50430,17.1,29.3,24.4,29.0,167
E14001026,Wells,Lib-Dem,79162,26247,3780,18662,5644,2331,240,56904,22.6,27.6,25.0,24.6,152
E14001027,Welwyn Hatfield,Conservative,71276,25281,13128,3140,6556,1742,358,50205,26.3,34.3,19.0,20.2,185
E14001028,Wentworth and Dearne,Labour,73957,6441,24571,1135,10733,,309,43189,12.4,26.7,26.5,34.1,201
E14001029,West Bromwich East,Labour,63543,9347,18817,751,7949,628,0,37492,10.6,26.3,25.3,37.6,186
E14001030,West Bromwich West,Labour,65637,8365,16578,550,8836,697,0,35026,9.4,26.0,26.1,38.2,169
E14001031,Dorset West,Conservative,77317,28329,5633,12199,7055,3242,0,56458,24.8,29.3,24.8,20.9,175
E14001032,West Ham,Labour,84082,8146,36132,1430,3950,2651,484,52793,17.1,30.8,18.3,33.7,309
E14001033,Lancashire West,Labour,69198,16114,24474,1298,6058,1582,150,49676,20.8,30.1,20.9,27.9,206
E14001034,Suffolk West,Conservative,75335,25684,8604,2465,10700,1779,0,49232,17.2,33.6,25.1,23.9,143
E14001035,Worcestershire West,Conservative,72430,30342,7244,5245,7764,3505,0,54100,30.0,28.4,22.4,19.0,162
E14001036,Westminster North,Labour,58408,16527,18504,1457,1489,1322,215,39514,38.5,30.8,8.1,22.4,223
E14001037,Westmorland and Lonsdale,Lib-Dem,64727,16245,2661,25194,3031,1798,0,48929,24.3,27.5,26.6,21.4,171
E14001038,Weston-Super-Mare,Conservative,77964,25203,9594,5486,9366,2592,311,52552,18.2,30.8,23.5,27.2,156
E14001039,Wigan,Labour,73504,9389,23625,1255,8818,1273,933,45293,15.8,26.1,23.3,34.6,199
E14001040,Wimbledon,Conservative,63257,25225,12606,6129,2476,1986,0,48422,50.0,30.8,9.5,9.4,251
E14001041,Winchester,Conservative,71460,30425,4613,13511,4122,2645,0,55316,41.0,30.4,14.8,13.6,190
E14001042,Windsor,Conservative,70227,31797,6714,4323,4992,1834,500,50160,38.2,34.0,15.6,12.1,158
E14001043,Wirral South,Labour,56071,15566,20165,1474,3737,895,0,41837,26.2,32.1,19.2,22.4,194
E14001044,Wirral West,Conservative,54360,18481,18898,1433,2772,,274,41858,28.4,33.0,18.0,20.3,204
E14001045,Witham,Conservative,66679,27123,7467,2891,7569,2038,80,47168,23.7,33.0,23.1,20.0,160
E14001046,Witney,Conservative,76708,35201,10046,3953,5352,2970,960,58482,30.2,30.8,22.2,16.6,218
E14001047,Woking,Conservative,72911,29199,8389,6047,5873,2109,347,51964,36.8,31.2,16.2,15.5,166
E14001048,Wokingham,Conservative,75836,32325,8132,7572,5516,2092,358,55995,43.0,31.3,14.8,10.8,161
E14001049,Wolverhampton North East,Labour,60925,10174,15669,935,6524,701,0,34003,9.9,25.3,25.6,39.0,151
E14001050,Wolverhampton South East,Labour,62312,7764,18531,798,7061,605,0,34759,8.9,23.5,26.2,41.3,214
E14001051,Wolverhampton South West,Conservative,59746,16573,17374,845,4310,1058,49,40209,21.6,30.7,19.5,28.1,206
E14001052,Worcester,Conservative,71441,22534,16888,1677,6378,2024,222,49723,23.4,30.6,20.5,25.4,196
E14001053,Workington,Labour,57263,11596,16282,1708,7538,1149,190,38463,16.4,23.8,27.4,32.2,184
E14001054,Worsley and Eccles South,Labour,71162,12654,18600,1100,7688,1242,764,42048,16.2,31.2,21.4,31.0,195
E14001055,Worthing West,Conservative,72564,26124,7955,4477,9269,2938,0,50763,22.1,35.7,20.9,21.0,153
E14001056,Wycombe,Conservative,73682,26444,11588,4546,5198,3086,577,51439,29.2,31.4,19.6,19.6,163
E14001057,Wyre and Preston North,Conservative,69541,26528,12377,2712,6577,1699,0,49893,30.1,33.4,21.0,15.3,174
E14001058,Wyre Forest,Conservative,76161,22394,9523,1228,7967,1117,7211,49440,18.5,28.3,24.9,28.1,176
E14001059,Wythenshawe and Sale East,Labour,73858,11124,21693,1927,6354,1658,507,43263,18.9,30.5,18.9,31.6,215
E14001060,Yeovil,Lib-Dem,81616,24178,4053,18865,7646,2191,0,56933,19.2,27.7,27.1,25.9,149
E14001061,York Central,Labour,69806,13496,20212,3804,4795,4791,579,47677,24.9,32.8,17.4,24.6,292
E14001062,York Outer,Conservative,74381,26447,13348,6269,5251,2558,0,53873,30.2,32.0,19.9,17.6,203
