poll_id,pollster_id,pollster_identifier,pollster_name,map_id,fieldwork_start,fieldwork_end,sample_size,region_id,region_name,party_id,party_name,percentage
1,1,yougov,YouGov,2,2026-02-08,2026-02-09,2466,16,East Midlands,4,Conservative,23.0
1,1,yougov,YouGov,2,2026-02-08,2026-02-09,2466,19,East of England,4,Conservative,23.0
1,1,yougov,YouGov,2,2026-02-08,2026-02-09,2466,17,London,4,Conservative,16.0
1,1,yougov,YouGov,2,2026-02-08,2026-02-09,2466,21,North East England,4,Conservative,16.0
1,1,yougov,YouGov,2,2026-02-08,2026-02-09,2466,15,North West England,4,Conservative,16.0
1,1,yougov,YouGov,2,2026-02-08,2026-02-09,2466,22,Scotland,4,Conservative,5.0
1,1,yougov,YouGov,2,2026-02-08,2026-02-09,2466,13,South East England,4,Conservative,23.0
1,1,yougov,YouGov,2,2026-02-08,2026-02-09,2466,20,South West England,4,Conservative,23.0
1,1,yougov,YouGov,2,2026-02-08,2026-02-09,2466,23,Wales,4,Conservative,10.0
1,1,yougov,YouGov,2,2026-02-08,2026-02-09,2466,14,West Midlands,4,Conservative,23.0
1,1,yougov,YouGov,2,2026-02-08,2026-02-09,2466,18,Yorkshire and The Humber,4,Conservative,16.0
1,1,yougov,YouGov,2,2026-02-08,2026-02-09,2466,16,East Midlands,6,Green,15.0
1,1,yougov,YouGov,2,2026-02-08,2026-02-09,2466,19,East of England,6,Green,14.0
1,1,yougov,YouGov,2,2026-02-08,2026-02-09,2466,17,London,6,Green,22.0
1,1,yougov,YouGov,2,2026-02-08,2026-02-09,2466,21,North East England,6,Green,18.0
1,1,yougov,YouGov,2,2026-02-08,2026-02-09,2466,15,North West England,6,Green,18.0
1,1,yougov,YouGov,2,2026-02-08,2026-02-09,2466,22,Scotland,6,Green,11.0
1,1,yougov,YouGov,2,2026-02-08,2026-02-09,2466,13,South East England,6,Green,14.0
1,1,yougov,YouGov,2,2026-02-08,2026-02-09,2466,20,South West England,6,Green,14.0
1,1,yougov,YouGov,2,2026-02-08,2026-02-09,2466,23,Wales,6,Green,10.0
1,1,yougov,YouGov,2,2026-02-08,2026-02-09,2466,14,West Midlands,6,Green,15.0
1,1,yougov,YouGov,2,2026-02-08,2026-02-09,2466,18,Yorkshire and The Humber,6,Green,18.0
1,1,yougov,YouGov,2,2026-02-08,2026-02-09,2466,16,East Midlands,1,Labour,16.0
1,1,yougov,YouGov,2,2026-02-08,2026-02-09,2466,19,East of England,1,Labour,14.0
1,1,yougov,YouGov,2,2026-02-08,2026-02-09,2466,17,London,1,Labour,30.0
1,1,yougov,YouGov,2,2026-02-08,2026-02-09,2466,21,North East England,1,Labour,22.0
1,1,yougov,YouGov,2,2026-02-08,2026-02-09,2466,15,North West England,1,Labour,22.0
1,1,yougov,YouGov,2,2026-02-08,2026-02-09,2466,22,Scotland,1,Labour,21.0
1,1,yougov,YouGov,2,2026-02-08,2026-02-09,2466,13,South East England,1,Labour,14.0
1,1,yougov,YouGov,2,2026-02-08,2026-02-09,2466,20,South West England,1,Labour,14.0
1,1,yougov,YouGov,2,2026-02-08,2026-02-09,2466,23,Wales,1,Labour,19.0
1,1,yougov,YouGov,2,2026-02-08,2026-02-09,2466,14,West Midlands,1,Labour,16.0
1,1,yougov,YouGov,2,2026-02-08,2026-02-09,2466,18,Yorkshire and The Humber,1,Labour,22.0
1,1,yougov,YouGov,2,2026-02-08,2026-02-09,2466,16,East Midlands,5,Liberal Democrats,11.0
1,1,yougov,YouGov,2,2026-02-08,2026-02-09,2466,19,East of England,5,Liberal Democrats,20.0
1,1,yougov,YouGov,2,2026-02-08,2026-02-09,2466,17,London,5,Liberal Democrats,14.0
1,1,yougov,YouGov,2,2026-02-08,2026-02-09,2466,21,North East England,5,Liberal Democrats,10.0
1,1,yougov,YouGov,2,2026-02-08,2026-02-09,2466,15,North West England,5,Liberal Democrats,10.0
1,1,yougov,YouGov,2,2026-02-08,2026-02-09,2466,22,Scotland,5,Liberal Democrats,8.0
1,1,yougov,YouGov,2,2026-02-08,2026-02-09,2466,13,South East England,5,Liberal Democrats,20.0
1,1,yougov,YouGov,2,2026-02-08,2026-02-09,2466,20,South West England,5,Liberal Democrats,20.0
1,1,yougov,YouGov,2,2026-02-08,2026-02-09,2466,23,Wales,5,Liberal Democrats,6.0
1,1,yougov,YouGov,2,2026-02-08,2026-02-09,2466,14,West Midlands,5,Liberal Democrats,11.0
1,1,yougov,YouGov,2,2026-02-08,2026-02-09,2466,18,Yorkshire and The Humber,5,Liberal Democrats,10.0
1,1,yougov,YouGov,2,2026-02-08,2026-02-09,2466,16,East Midlands,7,Other,5.0
1,1,yougov,YouGov,2,2026-02-08,2026-02-09,2466,19,East of England,7,Other,1.0
1,1,yougov,YouGov,2,2026-02-08,2026-02-09,2466,17,London,7,Other,1.0
1,1,yougov,YouGov,2,2026-02-08,2026-02-09,2466,21,North East England,7,Other,2.0
1,1,yougov,YouGov,2,2026-02-08,2026-02-09,2466,15,North West England,7,Other,2.0
1,1,yougov,YouGov,2,2026-02-08,2026-02-09,2466,22,Scotland,7,Other,0.0
1,1,yougov,YouGov,2,2026-02-08,2026-02-09,2466,13,South East England,7,Other,1.0
1,1,yougov,YouGov,2,2026-02-08,2026-02-09,2466,20,South West England,7,Other,1.0
1,1,yougov,YouGov,2,2026-02-08,2026-02-09,2466,23,Wales,7,Other,1.0
1,1,yougov,YouGov,2,2026-02-08,2026-02-09,2466,14,West Midlands,7,Other,5.0
1,1,yougov,YouGov,2,2026-02-08,2026-02-09,2466,18,Yorkshire and The Humber,7,Other,2.0
1,1,yougov,YouGov,2,2026-02-08,2026-02-09,2466,16,East Midlands,3,Plaid Cymru,0.0
1,1,yougov,YouGov,2,2026-02-08,2026-02-09,2466,19,East of England,3,Plaid Cymru,0.0
1,1,yougov,YouGov,2,2026-02-08,2026-02-09,2466,17,London,3,Plaid Cymru,0.0
1,1,yougov,YouGov,2,2026-02-08,2026-02-09,2466,21,North East England,3,Plaid Cymru,0.0
1,1,yougov,YouGov,2,2026-02-08,2026-02-09,2466,15,North West England,3,Plaid Cymru,0.0
1,1,yougov,YouGov,2,2026-02-08,2026-02-09,2466,22,Scotland,3,Plaid Cymru,0.0
1,1,yougov,YouGov,2,2026-02-08,2026-02-09,2466,13,South East England,3,Plaid Cymru,0.0
1,1,yougov,YouGov,2,2026-02-08,2026-02-09,2466,20,South West England,3,Plaid Cymru,0.0
1,1,yougov,YouGov,2,2026-02-08,2026-02-09,2466,23,Wales,3,Plaid Cymru,33.0
1,1,yougov,YouGov,2,2026-02-08,2026-02-09,2466,14,West Midlands,3,Plaid Cymru,0.0
1,1,yougov,YouGov,2,2026-02-08,2026-02-09,2466,18,Yorkshire and The Humber,3,Plaid Cymru,0.0
1,1,yougov,YouGov,2,2026-02-08,2026-02-09,2466,16,East Midlands,2,Reform UK,30.0
1,1,yougov,YouGov,2,2026-02-08,2026-02-09,2466,19,East of England,2,Reform UK,28.0
1,1,yougov,YouGov,2,2026-02-08,2026-02-09,2466,17,London,2,Reform UK,17.0
1,1,yougov,YouGov,2,2026-02-08,2026-02-09,2466,21,North East England,2,Reform UK,32.0
1,1,yougov,YouGov,2,2026-02-08,2026-02-09,2466,15,North West England,2,Reform UK,32.0
1,1,yougov,YouGov,2,2026-02-08,2026-02-09,2466,22,Scotland,2,Reform UK,22.0
1,1,yougov,YouGov,2,2026-02-08,2026-02-09,2466,13,South East England,2,Reform UK,28.0
1,1,yougov,YouGov,2,2026-02-08,2026-02-09,2466,20,South West England,2,Reform UK,28.0
1,1,yougov,YouGov,2,2026-02-08,2026-02-09,2466,23,Wales,2,Reform UK,22.0
1,1,yougov,YouGov,2,2026-02-08,2026-02-09,2466,14,West Midlands,2,Reform UK,30.0
1,1,yougov,YouGov,2,2026-02-08,2026-02-09,2466,18,Yorkshire and The Humber,2,Reform UK,32.0
1,1,yougov,YouGov,2,2026-02-08,2026-02-09,2466,16,East Midlands,8,Scottish National Party,0.0
1,1,yougov,YouGov,2,2026-02-08,2026-02-09,2466,19,East of England,8,Scottish National Party,0.0
1,1,yougov,YouGov,2,2026-02-08,2026-02-09,2466,17,London,8,Scottish National Party,0.0
1,1,yougov,YouGov,2,2026-02-08,2026-02-09,2466,21,North East England,8,Scottish National Party,0.0
1,1,yougov,YouGov,2,2026-02-08,2026-02-09,2466,15,North West England,8,Scottish National Party,0.0
1,1,yougov,YouGov,2,2026-02-08,2026-02-09,2466,22,Scotland,8,Scottish National Party,33.0
1,1,yougov,YouGov,2,2026-02-08,2026-02-09,2466,13,South East England,8,Scottish National Party,0.0
1,1,yougov,YouGov,2,2026-02-08,2026-02-09,2466,20,South West England,8,Scottish National Party,0.0
1,1,yougov,YouGov,2,2026-02-08,2026-02-09,2466,23,Wales,8,Scottish National Party,0.0
1,1,yougov,YouGov,2,2026-02-08,2026-02-09,2466,14,West Midlands,8,Scottish National Party,0.0
1,1,yougov,YouGov,2,2026-02-08,2026-02-09,2466,18,Yorkshire and The Humber,8,Scottish National Party,0.0
