date_label,year_label,pollster_label,citation_id,source_url,format_family,parser_identifier,notes
1– 2 Mar,2026,YouGov,,,unknown,yougov,missing citation/source url
25– 27 Feb,2026,Opinium,2,https://www.opinium.com/wp-content/uploads/2026/02/VI-2026-02-25-Observer-Web-Tables-1841.xlsx,xlsx,opinium,
25 Feb,2026,Find Out Now,4,https://cms.findoutnow.co.uk/app/uploads/2026/03/25th-February-VI-Find-Out-Now.xlsx,xlsx,find_out_now,
22– 23 Feb,2026,YouGov,5,https://d3nkl3psvxxpe9.cloudfront.net/documents/VotingIntention_MRP_Results_260223_w.pdf,pdf,yougov,
20– 23 Feb,2026,More in Common,6,https://www.moreincommon.org.uk/media/c0kf1gtu/voting-intention-february-25.xlsx,xlsx,more_in_common,
19– 23 Feb,2026,Lord Ashcroft Polls,7,https://lordashcroftpolls.com/wp-content/uploads/2026/02/Lord-Ashcroft-Polls-Feb-2026-survey-Full-tables.xls,xls,lord_ashcroft,
18 Feb,2026,Find Out Now,9,https://cms.findoutnow.co.uk/app/uploads/2026/02/18th-February-VI-Find-Out-Now.xlsx,xlsx,find_out_now,
13– 17 Feb,2026,More in Common,10,https://www.moreincommon.org.uk/media/elppw4pk/voting-intention-february-18.xlsx,xlsx,more_in_common,
15– 16 Feb,2026,YouGov,11,https://d3nkl3psvxxpe9.cloudfront.net/documents/VotingIntention_MRP_Results_260216_w.pdf,pdf,yougov,
13– 16 Feb,2026,Good Growth Foundation,12,https://www.goodgrowthfoundation.co.uk/ggf-insights,html,good_growth_foundation,
11– 12 Feb,2026,Techne,13,https://www.techneuk.com/wp-content/uploads/2026/02/R162-UK-2026-2-13-DATA.pdf,pdf,techne,
4– 12 Feb,2026,JL Partners,14,https://static1.squarespace.com/static/6904b7d27b086635255def7e/t/6994571ee6b2420f5cdae103/1771329311172/Voting_Intention_2026.2.12.xlsx,xlsx,jl_partners,
11 Feb,2026,Find Out Now,15,https://cms.findoutnow.co.uk/app/uploads/2026/02/11th-February-VI-Find-Out-Now.xlsx,xlsx,find_out_now,
6– 10 Feb,2026,More in Common,16,https://www.moreincommon.org.uk/media/dshdwjt0/voting-intention-and-trackers-10-feb.xlsx,xlsx,more_in_common,
8– 9 Feb,2026,YouGov,17,https://d3nkl3psvxxpe9.cloudfront.net/documents/VotingIntention_MRP_Results_260209_w.pdf,pdf,yougov,
4– 6 Feb,2026,Opinium,18,https://www.opinium.com/wp-content/uploads/2026/02/Observer-VI-2026-02-04-Web-Data-Tables-1152.xlsx,xlsx,opinium,
4 Feb,2026,Find Out Now,19,https://cms.findoutnow.co.uk/app/uploads/2026/02/4th-February-VI-Find-Out-Now.xlsx,xlsx,find_out_now,
1– 2 Feb,2026,YouGov,20,https://d3nkl3psvxxpe9.cloudfront.net/documents/VotingIntention_MRP_Results_260202_w.pdf,pdf,yougov,
31 Jan – 2 Feb,2026,More in Common,21,https://www.moreincommon.org.uk/media/dmgmx3t2/voting-intention-february-4.xlsx,xlsx,more_in_common,
30 Jan – 1 Feb,2026,Freshwater Strategy,22,https://freshwaterstrategy.com/wp-content/uploads/Data-Tables-City-AM-Freshwater-Strategy-UK-Polling-010226.xlsx,xlsx,freshwater_strategy,
28– 29 Jan,2026,BMG Research,23,https://bmgresearch.com/wp-content/uploads/2026/02/january-2026-omnibus-tables-for-the-i.xlsx,xlsx,bmg_research,
28– 29 Jan,2026,Survation,24,https://cdn.survation.com/wp-content/uploads/2026/01/30163059/Survation_Voter_Intention_Jan_2026.xlsx,xlsx,survation,
28 Jan,2026,Find Out Now,25,https://cms.findoutnow.co.uk/app/uploads/2026/01/28th-January-VI-Find-Out-Now.xlsx,xlsx,find_out_now,
22– 27 Jan,2026,Ipsos,26,https://www.ipsos.com/sites/default/files/ct/news/documents/2026-01/politmkp_w1jan2026web1.pdf,pdf,ipsos,
25– 26 Jan,2026,YouGov,27,https://d3nkl3psvxxpe9.cloudfront.net/documents/VotingIntention_MRP_Results_260126_w.pdf,pdf,yougov,
23– 25 Jan,2026,More in Common,28,https://www.moreincommon.org.uk/media/cq2jvb3t/voting-intention-january-28.xlsx,xlsx,more_in_common,
21– 23 Jan,2026,Opinium,29,https://www.opinium.com/wp-content/uploads/2026/01/VI-2026-01-21-Opinium-Observer-Data-Tables-1415.xlsx,xlsx,opinium,
21 Jan,2026,Find Out Now,30,https://cms.findoutnow.co.uk/app/uploads/2026/01/21st-January-VI-Find-Out-Now.xlsx,xlsx,find_out_now,
18– 19 Jan,2026,YouGov,,,unknown,yougov,missing citation/source url
16– 19 Jan,2026,Focaldata,32,https://3959436.fs1.hubspotusercontent-na1.net/hubfs/3959436/Marketing%20content/Focaldata_January%20VI%20tables%2c%2016-19%20Jan%202026.xlsx,xlsx,focaldata,
16– 19 Jan,2026,More in Common,33,https://www.moreincommon.org.uk/media/zcmphl4x/voting-intention-january-21.xlsx,xlsx,more_in_common,
15– 19 Jan,2026,Lord Ashcroft Polls,34,https://lordashcroftpolls.com/2026/01/kemis-been-tough-and-jenricks-a-bit-of-a-bounder-say-tory-voters-but-plenty-agree-with-him-that-britain-is-broken/,html,lord_ashcroft,
14– 15 Jan,2026,Techne,35,https://www.techneuk.com/wp-content/uploads/2026/01/R161-UK-2026-1-16-DATA.pdf,pdf,techne,
14 Jan,2026,Find Out Now,36,https://cms.findoutnow.co.uk/app/uploads/2026/01/14th-January-VI-Find-Out-Now.xlsx,xlsx,find_out_now,
10– 14 Jan,2026,Survation,37,https://cdn.survation.com/wp-content/uploads/2026/01/15163049/Survation_VI_2026-01-15_Tables.xlsx,xlsx,survation,
10– 13 Jan,2026,More in Common,38,https://files.38degrees.org.uk/items/files/000/008/967/original/38_Degrees_National_Briefing_September_2025.pdf,pdf,more_in_common,
11– 12 Jan,2026,YouGov,39,https://d3nkl3psvxxpe9.cloudfront.net/documents/VotingIntention_MRP_Results_260112_w.pdf,pdf,yougov,
9– 11 Jan,2026,Freshwater Strategy,40,https://freshwaterstrategy.com/wp-content/uploads/Data-Tables-City-AM-Freshwater-Strategy-UK-Polling-110126.xlsx,xlsx,freshwater_strategy,
7– 9 Jan,2026,Opinium,41,https://www.opinium.com/wp-content/uploads/2026/01/Observer-VI-2026-01-07-data-tables-1209.xlsx,xlsx,opinium,
14 Dec – 9 Jan,2026,YouGov,42,https://yougov.co.uk/politics/articles/53923-how-would-britain-vote-at-the-start-of-2026,html,yougov,
7– 8 Jan,2026,Find Out Now,43,https://cms.findoutnow.co.uk/app/uploads/2026/01/7th-January-VI-Find-Out-Now.xlsx,xlsx,find_out_now,
4– 5 Jan,2026,YouGov,44,https://d3nkl3psvxxpe9.cloudfront.net/documents/VotingIntention_MRP_Results_260105_w.pdf,pdf,yougov,
2– 5 Jan,2026,More in Common,45,https://www.moreincommon.org.uk/media/q0odjn4s/voting-intention-january-7.xlsx,xlsx,more_in_common,
31 Dec,2025,Find Out Now,46,https://cms.findoutnow.co.uk/app/uploads/2026/01/31st-December-VI-Find-Out-Now.xlsx,xlsx,find_out_now,
24 Dec,2025,Find Out Now,47,https://cms.findoutnow.co.uk/app/uploads/2025/12/24th-December-VI-Find-Out-Now.xlsx,xlsx,find_out_now,
19– 23 Dec,2025,More in Common,48,https://www.moreincommon.org.uk/media/adwnbahz/voting-intention-december-24.xlsx,xlsx,more_in_common,
21– 22 Dec,2025,YouGov,49,https://d3nkl3psvxxpe9.cloudfront.net/documents/VotingIntention_MRP_Results_251222_w.pdf,pdf,yougov,
16– 18 Dec,2025,Deltapoll,50,https://deltapoll.co.uk/wp-content/uploads/2026/01/260105_Deltapoll-Mirror-pdf.pdf,pdf,deltapoll,
17 Dec,2025,Find Out Now,51,https://cms.findoutnow.co.uk/app/uploads/2025/12/17th-December-VI-Find-Out-Now.xlsx,xlsx,find_out_now,
12– 16 Dec,2025,More in Common,52,https://www.moreincommon.org.uk/media/qafbolok/voting-intention-december2.xlsx,xlsx,more_in_common,
27 Nov – 16 Dec,2025,More in Common (MRP),53,https://www.moreincommon.org.uk/latest-insights/more-in-common-s-january-mrp/,html,more_in_common,
14– 15 Dec,2025,YouGov,54,https://d3nkl3psvxxpe9.cloudfront.net/documents/VotingIntention_MRP_Results_251215_w.pdf,pdf,yougov,
12– 15 Dec,2025,Verian,55,https://www.veriangroup.com/hubfs/UK/polling/method-and-tables/Method%20and%20tables%20-%20December%2025.pdf,pdf,verian,
11– 15 Dec,2025,Lord Ashcroft Polls,56,https://lordashcroftpolls.com/2025/12/daft-questions-yes-but-the-answers-speak-volumes-about-the-state-of-our-government/,html,lord_ashcroft,
10– 12 Dec,2025,Opinium,57,https://www.opinium.com/wp-content/uploads/2025/12/VI-2025-12-10-Data-tables-1531.xlsx,xlsx,opinium,
10 Dec,2025,Find Out Now,58,https://cms.findoutnow.co.uk/app/uploads/2025/12/10th-December-VI-Find-Out-Now.xlsx,xlsx,find_out_now,
7– 8 Dec,2025,YouGov,59,https://d3nkl3psvxxpe9.cloudfront.net/documents/VotingIntention_MRP_Results_251208_w.pdf,pdf,yougov,
4– 8 Dec,2025,More in Common,60,https://www.moreincommon.org.uk/media/b1fa5gaa/voting-intention-december-17.xlsx,xlsx,more_in_common,
1– 8 Dec,2025,Find Out Now/ Electoral Calculus  (MRP),,,unknown,find_out_now_electoral_calculus,missing citation/source url
3 Dec,2025,Find Out Now,62,https://cms.findoutnow.co.uk/app/uploads/2025/12/3rd-December-VI-Find-Out-Now.xlsx,xlsx,find_out_now,
30 Nov – 1 Dec,2025,YouGov,63,https://d3nkl3psvxxpe9.cloudfront.net/documents/VotingIntention_MRP_Results_251201_w.pdf,pdf,yougov,
29 Nov – 1 Dec,2025,JL Partners,64,https://jlpartners.co.uk/s/Voting-Intention-December.xlsx,xlsx,jl_partners,
28 Nov – 1 Dec,2025,More in Common,,,unknown,more_in_common,missing citation/source url
28– 30 Nov,2025,Freshwater Strategy,,,unknown,freshwater_strategy,missing citation/source url
26– 28 Nov,2025,Focaldata,67,https://hs-3959436.f.hubspotemail.net/hubfs/3959436/Marketing%20content/Focaldata_Post-Budget%20tables%2c%2026-28%20Nov%202025.xlsx,xlsx,focaldata,
26– 28 Nov,2025,Opinium,68,https://www.opinium.com/wp-content/uploads/2025/11/VI-2025-11-26-Observer-data-tables-1441.xlsx,xlsx,opinium,
26– 27 Nov,2025,BMG Research,69,https://bmgresearch.com/wp-content/uploads/2025/12/november-2025-omnibus-tables-for-the-i-1.xlsx,xlsx,bmg_research,
26 Nov,2025,Find Out Now,70,https://cms.findoutnow.co.uk/app/uploads/2025/11/26th-November-VI-Find-Out-Now.xlsx,xlsx,find_out_now,
23– 24 Nov,2025,YouGov,71,https://d3nkl3psvxxpe9.cloudfront.net/documents/VotingIntention_MRP_Results_251124_w.pdf,pdf,yougov,
22– 24 Nov,2025,More in Common,72,https://www.moreincommon.org.uk/media/xzxfkzj0/voting-intention-24-november.xlsx,xlsx,more_in_common,
19– 21 Nov,2025,Opinium,73,https://www.opinium.com/wp-content/uploads/2025/11/Observer-VI-2025-11-19-Data-tables-1205.xlsx,xlsx,opinium,
18– 21 Nov,2025,Focaldata,74,https://3959436.fs1.hubspotusercontent-na1.net/hubfs/3959436/Marketing%20content/Focaldata_Pre-budget%20tables%2c%2018-21%20Nov%202025.xlsx,xlsx,focaldata,
19 Nov,2025,Find Out Now,75,https://cms.findoutnow.co.uk/app/uploads/2025/11/19th-November-VI-Find-Out-Now.xlsx,xlsx,find_out_now,
16– 20 Nov,2025,Survation,76,https://cdn.survation.com/wp-content/uploads/2025/11/28150243/Survation_VI_2025-11-20_Tables.xlsx,xlsx,survation,
16– 17 Nov,2025,YouGov,77,https://d3nkl3psvxxpe9.cloudfront.net/documents/VotingIntention_MRP_Results_251117_w.pdf,pdf,yougov,
14– 17 Nov,2025,More in Common,78,https://www.moreincommon.org.uk/media/0hnbr34x/voting-intention-14-17-november.xlsx,xlsx,more_in_common,
13– 17 Nov,2025,Lord Ashcroft Polls,79,https://lordashcroftpolls.com/2025/11/seize-the-day-kemi-as-two-thirds-of-voters-say-theyll-be-worse-off-after-the-chancellors-budget-grabs-this-is-a-huge-opportunity-for-badenoch-to-show-shes-a-credible-alternative/,html,lord_ashcroft,
12 Nov,2025,Find Out Now,80,https://cms.findoutnow.co.uk/app/uploads/2025/11/12th-November-VI-Find-Out-Now.xlsx,xlsx,find_out_now,
9– 10 Nov,2025,YouGov,81,https://d3nkl3psvxxpe9.cloudfront.net/documents/VotingIntention_MRP_Results_251110_w.pdf,pdf,yougov,
7– 10 Nov,2025,More in Common,82,https://www.moreincommon.org.uk/media/5fghxd3o/voting-intention-10-november.xlsx,xlsx,more_in_common,
7– 9 Nov,2025,Freshwater Strategy,83,https://freshwaterstrategy.com/wp-content/uploads/Data-Tables-City-AM-Freshwater-Strategy-UK-Polling-091125.xlsx,xlsx,freshwater_strategy,
5– 7 Nov,2025,Opinium,84,https://www.opinium.com/wp-content/uploads/2025/11/VI-2025-11-05-Observer-Data-Tables-1803.xlsx,xlsx,opinium,
5– 6 Nov,2025,Find Out Now,85,https://cms.findoutnow.co.uk/app/uploads/2025/11/5th-November-VI-Find-Out-Now-1.xlsx,xlsx,find_out_now,
30 Oct – 5 Nov,2025,Ipsos,86,https://www.ipsos.com/sites/default/files/ct/news/documents/2025-11/Ipsos_November%202025_Political%20Monitor_Data%20Tables_%20Public.pdf,pdf,ipsos,
2– 3 Nov,2025,YouGov,87,https://d3nkl3psvxxpe9.cloudfront.net/documents/VotingIntention_MRP_Results_251103_w.pdf,pdf,yougov,
31 Oct – 3 Nov,2025,More in Common,88,https://www.moreincommon.org.uk/media/wn2hcfmx/voting-intention-november-4.xlsx,xlsx,more_in_common,
31 Oct – 2 Nov,2025,JL Partners,89,https://static1.squarespace.com/static/5db0ca668552dd5ab1168a91/t/691318129aafd438f1f23600/1762859026141/Voting+Intention.xlsx,xlsx,jl_partners,
29 Oct,2025,Find Out Now,90,https://cms.findoutnow.co.uk/app/uploads/2025/10/29th-October-VI-Find-Out-Now.xlsx,xlsx,find_out_now,
26– 27 Oct,2025,YouGov,91,https://d3nkl3psvxxpe9.cloudfront.net/documents/VotingIntention_MRP_Results_251027.pdf,pdf,yougov,
24– 27 Oct,2025,More in Common,92,https://www.moreincommon.org.uk/media/udtjxxao/voting-intention-october-28.xlsx,xlsx,more_in_common,
22– 24 Oct,2025,Opinium,93,https://www.opinium.com/wp-content/uploads/2025/10/VI-2025-10-22-Observer-Data-Tables-2133.xlsx,xlsx,opinium,
22– 23 Oct,2025,Techne,94,https://www.techneuk.com/wp-content/uploads/2025/10/R160-UK-2025-10-23-DATA.pdf,pdf,techne,
22 Oct,2025,Find Out Now,95,https://cms.findoutnow.co.uk/app/uploads/2025/10/22nd-October-VI-Find-Out-Now.xlsx,xlsx,find_out_now,
19– 20 Oct,2025,YouGov,96,https://d3nkl3psvxxpe9.cloudfront.net/documents/VotingIntention_MRP_Results_251020_w.pdf,pdf,yougov,
17– 20 Oct,2025,More in Common,97,https://www.moreincommon.org.uk/media/ycfffdio/voting-intention-october-21.xlsx,xlsx,more_in_common,
16– 20 Oct,2025,Lord Ashcroft Polls,98,https://lordashcroftpolls.com/2025/10/id-card-scheme-is-a-classic-starmerite-intervention-its-expensive-intrusive-and-utterly-pointless/,html,lord_ashcroft,
8– 17 Oct,2025,Focaldata,99,https://3959436.fs1.hubspotusercontent-na1.net/hubfs/3959436/Marketing%20content/Focaldata_Westminster%20voting%20intention%20tables%2c%208-17%20Oct%202025.xlsx,xlsx,focaldata,
15 Oct,2025,Find Out Now,100,https://cms.findoutnow.co.uk/app/uploads/2025/10/15th-October-VI-Find-Out-Now.xlsx,xlsx,find_out_now,
12– 13 Oct,2025,YouGov,101,https://d3nkl3psvxxpe9.cloudfront.net/documents/VotingIntention_MRP_Results_251013_w.pdf,pdf,yougov,
10– 13 Oct,2025,More in Common,102,https://www.moreincommon.org.uk/media/swuhlk0u/voting-intention-october-14.xlsx,xlsx,more_in_common,
8– 10 Oct,2025,Opinium,103,https://www.opinium.com/wp-content/uploads/2025/10/VI-2025-10-08-Data-Tables-1820.xlsx,xlsx,opinium,
8 Oct,2025,Find Out Now,104,https://cms.findoutnow.co.uk/app/uploads/2025/10/8th-October-VI-Find-Out-Now.xlsx,xlsx,find_out_now,
5– 6 Oct,2025,YouGov,105,https://d3nkl3psvxxpe9.cloudfront.net/documents/VotingIntention_MRP_Results_251006_w.pdf,pdf,yougov,
3– 6 Oct,2025,More in Common,106,https://www.moreincommon.org.uk/media/e4xdsdar/voting-intention-october-6.xlsx,xlsx,more_in_common,
3– 5 Oct,2025,Freshwater Strategy,107,https://freshwaterstrategy.com/wp-content/uploads/Data-Tables-City-AM-Freshwater-Strategy-UK-Polling-051025.xlsx,xlsx,freshwater_strategy,
1– 3 Oct,2025,Opinium,108,https://www.opinium.com/wp-content/uploads/2025/10/VI-2025-10-01-Observer-Tables.xlsx,xlsx,opinium,
26 Sep – 3 Oct,2025,JL Partners,109,https://static1.squarespace.com/static/5db0ca668552dd5ab1168a91/t/68e3e4da5c5a8c226b5d4e84/1759765722997/Voting+Intention+Tables.xlsx,xlsx,jl_partners,
1 Oct,2025,Find Out Now,110,https://findoutnow.co.uk/blog/voting-intention-1st-october-2025/,html,find_out_now,
19 Sep – 1 Oct,2025,Focaldata,111,https://3959436.fs1.hubspotusercontent-na1.net/hubfs/3959436/Marketing%20content/Focaldata_Westminster%20voting%20intention%20tables%2c%2019%20Sep%20-%201%20Oct%202025.xlsx,xlsx,focaldata,
28– 29 Sep,2025,YouGov,112,https://d3nkl3psvxxpe9.cloudfront.net/documents/VotingIntention_MRP_Results_250929_w.pdf,pdf,yougov,
26– 29 Sep,2025,More in Common,113,https://www.moreincommon.org.uk/media/x1mpqajl/voting-intention-september-29.xlsx,xlsx,more_in_common,
24– 26 Sep,2025,Opinium,114,https://www.opinium.com/wp-content/uploads/2025/09/VI-2025-09-24-Observer-Data-Tables-0944.xlsx,xlsx,opinium,
24– 25 Sep,2025,Survation,115,https://cdn.survation.com/wp-content/uploads/2025/09/30013256/Daily_Mail_Tables.xlsx,xlsx,survation,
24 Sep,2025,Find Out Now,116,https://cms.findoutnow.co.uk/app/uploads/2025/09/24th-September-VI-Find-Out-Now.xlsx,xlsx,find_out_now,
31 Aug – 24 Sep,2025,YouGov  (MRP),,,unknown,yougov,missing citation/source url
21– 22 Sep,2025,YouGov,118,https://d3nkl3psvxxpe9.cloudfront.net/documents/VotingIntention_MRP_Results_250922_w.pdf,pdf,yougov,
19– 22 Sep,2025,More in Common,119,https://www.moreincommon.org.uk/media/iz2bdbkc/voting-intention-september-22.xlsx,xlsx,more_in_common,
17– 19 Sep,2025,Opinium,120,https://www.opinium.com/wp-content/uploads/2025/09/VI-2025-09-17-Observer-tables-1345.xlsx,xlsx,opinium,
17– 18 Sep,2025,Techne,121,https://www.techneuk.com/wp-content/uploads/2025/09/R159-UK-2025-9-18-DATA.pdf,pdf,techne,
17– 18 Sep,2025,Find Out Now,122,https://cms.findoutnow.co.uk/app/uploads/2025/09/17th-September-VI-Find-Out-Now.xlsx,xlsx,find_out_now,
11– 17 Sep,2025,Ipsos,123,https://www.ipsos.com/sites/default/files/ct/news/documents/2025-09/politmkp_w5sep2025web2%20V2.pdf,pdf,ipsos,
14– 15 Sep,2025,YouGov,124,https://d3nkl3psvxxpe9.cloudfront.net/documents/VotingIntention_MRP_Results_250915_w.pdf,pdf,yougov,
12– 15 Sep,2025,More in Common,125,https://www.moreincommon.org.uk/media/4u5bnpeq/voting-intention-september-15.xlsx,xlsx,more_in_common,
11– 15 Sep,2025,Lord Ashcroft Polls,126,https://lordashcroftpolls.com/2025/09/when-times-are-hard-voters-crave-pms-who-can-get-a-grip-and-that-not-the-scandals-is-why-theyre-so-sick-of-starmer/,html,lord_ashcroft,
8 Aug – 15 Sep,2025,More in Common  (MRP),,,unknown,more_in_common,missing citation/source url
10 Sep,2025,Find Out Now,130,https://cms.findoutnow.co.uk/app/uploads/2025/09/10th-September-VI-Find-Out-Now.xlsx,xlsx,find_out_now,
7– 8 Sep,2025,YouGov,131,https://d3nkl3psvxxpe9.cloudfront.net/documents/VotingIntention_MRP_Results_250908_w.pdf,pdf,yougov,
5– 8 Sep,2025,More in Common,132,https://www.moreincommon.org.uk/media/crrfrbnq/voting-intention-8-sept.xlsx,xlsx,more_in_common,
3– 5 Sep,2025,Opinium,133,https://www.opinium.com/wp-content/uploads/2025/09/VI-2025-09-03-Observer-Tables.xlsx,xlsx,opinium,
1– 4 Sep,2025,Techne,134,https://www.techneuk.com/wp-content/uploads/2025/09/R158-UK-2025-9-4-DATA.pdf,pdf,techne,
3 Sep,2025,Find Out Now,135,https://cms.findoutnow.co.uk/app/uploads/2025/09/3rd-September-VI-Find-Out-Now.xlsx,xlsx,find_out_now,
28 Aug – 2 Sep,2025,Survation,136,https://cdn.survation.com/wp-content/uploads/2025/09/05133804/SurvationVIWeightedTablesSeptember2025.xlsx,xlsx,survation,
31 Aug – 1 Sep,2025,YouGov,137,https://d3nkl3psvxxpe9.cloudfront.net/documents/VotingIntention_MRP_Results_250901_w.pdf,pdf,yougov,
29 Aug – 1 Sep,2025,More in Common,138,https://www.moreincommon.org.uk/media/f2nmtaqn/voting-intention-september-1.xlsx,xlsx,more_in_common,
21 Aug – 1 Sep,2025,Survation  (MRP),139,https://cdn.survation.com/wp-content/uploads/2025/10/14101152/38D_Segmentation_Tables_V1.xlsx,xlsx,survation,
29– 31 Aug,2025,Freshwater Strategy,,,unknown,freshwater_strategy,missing citation/source url
19– 31 Aug,2025,JL Partners,142,https://static1.squarespace.com/static/5db0ca668552dd5ab1168a91/t/68bae1aae1c3cc0da99a6d43/1757077930452/Voting+Intention+-+Tables.xlsx,xlsx,jl_partners,
26– 28 Aug,2025,BMG Research,143,https://bmgresearch.com/news/with-a-record-35-vote-share-reform-are-upending-british-politics/,html,bmg_research,
27 Aug,2025,Find Out Now,144,https://cms.findoutnow.co.uk/app/uploads/2025/08/27th-August-VI-Find-Out-Now.xlsx,xlsx,find_out_now,
25– 26 Aug,2025,YouGov,145,https://d3nkl3psvxxpe9.cloudfront.net/documents/VotingIntention_MRP_Results_250826_w.pdf,pdf,yougov,
22– 26 Aug,2025,More in Common,146,https://www.moreincommon.org.uk/media/zaclm5uq/voting-intention-22-26.xlsx,xlsx,more_in_common,
20– 22 Aug,2025,Opinium,147,https://www.opinium.com/wp-content/uploads/2025/08/VI-2025-08-20-Data-Tables-1256.xlsx,xlsx,opinium,
20 Aug,2025,Find Out Now,148,https://cms.findoutnow.co.uk/app/uploads/2025/08/20th-August-VI-Find-Out-Now.xlsx,xlsx,find_out_now,
15– 19 Aug,2025,Focaldata,,,unknown,focaldata,missing citation/source url
17– 18 Aug,2025,YouGov,150,https://d3nkl3psvxxpe9.cloudfront.net/documents/VotingIntention_MRP_Results_250818_w.pdf,pdf,yougov,
15– 18 Aug,2025,More in Common,151,https://www.moreincommon.org.uk/media/twbnfjxn/voting-intention-18-august.xlsx,xlsx,more_in_common,
14– 18 Aug,2025,Lord Ashcroft Polls,152,https://lordashcroftpolls.com/wp-content/uploads/2025/08/Lord-Ashcroft-Aug-2025-poll-Full-tables.xls,xls,lord_ashcroft,
13– 14 Aug,2025,Find Out Now,153,https://cms.findoutnow.co.uk/app/uploads/2025/08/13th_14th-August-Find-Out-Now-VI.xlsx,xlsx,find_out_now,
10– 11 Aug,2025,YouGov,154,https://d3nkl3psvxxpe9.cloudfront.net/documents/VotingIntention_MRP_Results_250811_w.pdf,pdf,yougov,
8– 11 Aug,2025,More in Common,155,https://www.moreincommon.org.uk/media/dj2hqsqe/voting-intention-august-13.xlsx,xlsx,more_in_common,
6– 8 Aug,2025,Opinium,156,https://www.opinium.com/resource-center/opinium-voting-intention-6th-august-2025/,html,opinium,
6 Aug,2025,Find Out Now,157,https://cms.findoutnow.co.uk/app/uploads/2025/08/6th-August-Find-Out-Now-VI.xlsx,xlsx,find_out_now,
3– 4 Aug,2025,YouGov,158,https://d3nkl3psvxxpe9.cloudfront.net/documents/VotingIntention_MRP_250804_w.pdf,pdf,yougov,
1– 3 Aug,2025,More in Common,159,https://www.moreincommon.org.uk/media/rdbj201m/voting-intention-3-august.xlsx,xlsx,more_in_common,
1– 3 Aug,2025,Freshwater Strategy,,,unknown,freshwater_strategy,missing citation/source url
16 Jul – 3 Aug,2025,Stack Data Strategy (MRP),162,https://www.lbc.co.uk/article/tories-14-seats-election-kemi-badenoch-5HjdNDZ_2/,html,stack_data_strategy,
29– 31 Jul,2025,BMG Research,165,https://bmgresearch.com/wp-content/uploads/2025/08/july-2025-omnibus-tables-for-the-i-1.xlsx,xlsx,bmg_research,
30 Jul,2025,Find Out Now,166,https://cms.findoutnow.co.uk/app/uploads/2025/07/30th-July-VI-Find-Out-Now.xlsx,xlsx,find_out_now,
27– 28 Jul,2025,YouGov,167,https://d3nkl3psvxxpe9.cloudfront.net/documents/VotingIntention_MRP_250728_w.pdf,pdf,yougov,
26– 28 Jul,2025,More in Common,168,https://www.moreincommon.org.uk/media/lf5nib1p/voting-intention-july-29.xlsx,xlsx,more_in_common,
23– 25 Jul,2025,Opinium,169,https://www.opinium.com/resource-center/opinium-voting-intention-23rd-july-2025/,html,opinium,
23 Jul,2025,Find Out Now,170,https://cms.findoutnow.co.uk/app/uploads/2025/07/23rd-July-VI-Find-Out-Now.xlsx,xlsx,find_out_now,
20– 21 Jul,2025,YouGov,171,https://d3nkl3psvxxpe9.cloudfront.net/documents/VotingIntention_MRP_250721_w.pdf,pdf,yougov,
18– 20 Jul,2025,More in Common,172,https://www.moreincommon.org.uk/media/zcei2auh/voting-intention-july-22.xlsx,xlsx,more_in_common,
17– 18 Jul,2025,JL Partners,173,https://jlpartners.co.uk/s/Islamophobia-Definition-Polling-Data-Tables-Final-for-Telegraph.xlsx,xlsx,jl_partners,
14– 18 Jul,2025,Focaldata,174,https://docs.google.com/spreadsheets/d/1tGMcxq3ate-RYcPYalkMh3ilXI8dprZs1LJInmjmPf8/edit?gid=2111754518#gid=2111754518,google_sheet,focaldata,
16 Jul,2025,Find Out Now,175,https://cms.findoutnow.co.uk/app/uploads/2025/07/16th-July-VI-Find-Out-Now.xlsx,xlsx,find_out_now,
13– 14 Jul,2025,YouGov,176,https://d3nkl3psvxxpe9.cloudfront.net/documents/VotingIntention_MRP_250714_w.pdf,pdf,yougov,
11– 14 Jul,2025,More in Common,177,https://www.moreincommon.org.uk/media/xdeas02a/voting-intention-july-15.xlsx,xlsx,more_in_common,
9– 11 Jul,2025,Opinium,,,unknown,opinium,missing citation/source url
9– 10 Jul,2025,Find Out Now,,,unknown,find_out_now,missing citation/source url
9– 10 Jul,2025,Techne,180,https://www.techneuk.com/wp-content/uploads/2025/07/R157-UK-2025-7-11-DATA.pdf,pdf,techne,
9 Jul,2025,Find Out Now,181,https://cms.findoutnow.co.uk/app/uploads/2025/07/9th-July-Find-Out-Now-VI.xlsx,xlsx,find_out_now,
6– 7 Jul,2025,YouGov,182,https://d3nkl3psvxxpe9.cloudfront.net/documents/VotingIntention_MRP_Results_250707.pdf,pdf,yougov,
4– 7 Jul,2025,More in Common,183,https://www.moreincommon.org.uk/media/dpwd0d5d/voting-intention-7july.xlsx,xlsx,more_in_common,
4– 7 Jul,2025,More in Common,184,https://www.moreincommon.org.uk/media/bfelndry/sultana-corbyn-voting-intention.xlsx,xlsx,more_in_common,
4– 6 Jul,2025,Freshwater Strategy,,,unknown,freshwater_strategy,missing citation/source url
2 Jul,2025,Find Out Now,186,https://cms.findoutnow.co.uk/app/uploads/2025/07/2nd-July-VI-Find-Out-Now.xlsx,xlsx,find_out_now,
29– 30 Jun,2025,YouGov,187,https://d3nkl3psvxxpe9.cloudfront.net/documents/VotingIntention_MRP_Results_250630_w.pdf,pdf,yougov,
27– 30 Jun,2025,More in Common,188,https://www.moreincommon.org.uk/media/qunkzmvu/voting-intention-30-june.xlsx,xlsx,more_in_common,
26– 30 Jun,2025,Lord Ashcroft Polls,189,https://lordashcroftpolls.com/wp-content/uploads/2025/07/Lord-Ashcroft-Polls-June-2025-poll-Full-tables.xls,xls,lord_ashcroft,
13– 30 Jun,2025,More in Common  (MRP),,,unknown,more_in_common,missing citation/source url
25– 27 Jun,2025,Survation,,,unknown,survation,missing citation/source url
25– 27 Jun,2025,Opinium,,,unknown,opinium,missing citation/source url
25– 26 Jun,2025,Techne,194,https://www.techneuk.com/wp-content/uploads/2025/06/R156-UK-2025-6-27-DATA.pdf,pdf,techne,
25 Jun,2025,Find Out Now,195,https://cms.findoutnow.co.uk/app/uploads/2025/06/25th-June-VI-Find-Out-Now.xlsx,xlsx,find_out_now,
24– 25 Jun,2025,BMG Research,196,https://bmgresearch.com/wp-content/uploads/2025/07/june-2025-omnibus-tables-for-the-i.xlsx,xlsx,bmg_research,
22– 23 Jun,2025,YouGov,197,https://d3nkl3psvxxpe9.cloudfront.net/documents/VotingIntention_MRP_250623_w.pdf,pdf,yougov,
20– 23 Jun,2025,More in Common,198,https://www.moreincommon.org.uk/media/reqkhhly/voting-intention-23-june.xlsx,xlsx,more_in_common,
18 Jun,2025,Find Out Now,199,https://cms.findoutnow.co.uk/app/uploads/2025/06/18th-June-VI-Find-Out-Now.xlsx,xlsx,find_out_now,
29 May – 18 Jun,2025,YouGov,200,https://ygo-assets-websites-editorial-emea.yougov.net/documents/VotingIntention_MRP_Merge_June2025_w.pdf,pdf,yougov,
29 May – 18 Jun,2025,YouGov  (MRP),,,unknown,yougov,missing citation/source url
10– 17 Jun,2025,Find Out Now/ Electoral Calculus  (MRP),,,unknown,find_out_now_electoral_calculus,missing citation/source url
15– 16 Jun,2025,YouGov,203,https://d3nkl3psvxxpe9.cloudfront.net/documents/VotingIntention_MRP_250616_w.pdf,pdf,yougov,
13– 16 Jun,2025,More in Common,204,https://www.moreincommon.org.uk/media/m3rnj31m/voting-intention-16june.xlsx,xlsx,more_in_common,
11– 13 Jun,2025,Opinium,,,unknown,opinium,missing citation/source url
11 Jun,2025,Find Out Now,206,https://cms.findoutnow.co.uk/app/uploads/2025/06/11th-June-VI-Find-Out-Now.xlsx,xlsx,find_out_now,
10– 11 Jun,2025,Survation,207,https://cdn.survation.com/wp-content/uploads/2025/07/02155030/Rogan_Productions_Jun_25_Tables.xlsx,xlsx,survation,
8– 9 Jun,2025,YouGov,208,https://d3nkl3psvxxpe9.cloudfront.net/documents/VotingIntention_MRP_250609_w.pdf,pdf,yougov,
6– 9 Jun,2025,More in Common,,,unknown,more_in_common,missing citation/source url
6– 8 Jun,2025,Freshwater Strategy,,,unknown,freshwater_strategy,missing citation/source url
4– 5 Jun,2025,Techne,211,https://www.techneuk.com/wp-content/uploads/2025/06/R155-UK-2025-6-6-DATA.pdf,pdf,techne,
4 Jun,2025,Find Out Now,212,https://cms.findoutnow.co.uk/app/uploads/2025/06/4th-June-VI-Find-Out-Now.xlsx,xlsx,find_out_now,
30 May – 4 Jun,2025,Ipsos,213,https://www.ipsos.com/sites/default/files/ct/news/documents/2025-06/politmkp_w3mayjun2025web1.pdf,pdf,ipsos,
1– 2 Jun,2025,YouGov,214,https://d3nkl3psvxxpe9.cloudfront.net/documents/VotingIntention_MRP_250602_w.pdf,pdf,yougov,
30 May – 2 Jun,2025,More in Common,215,https://www.moreincommon.org.uk/media/ihubhswb/votingintention2june.xlsx,xlsx,more_in_common,
30 May – 2 Jun,2025,Survation,,,unknown,survation,missing citation/source url
29 May – 2 Jun,2025,Lord Ashcroft Polls,,,unknown,lord_ashcroft,missing citation/source url
28– 30 May,2025,Opinium,,,unknown,opinium,missing citation/source url
28– 29 May,2025,BMG Research,219,https://bmgresearch.com/wp-content/uploads/2025/06/312024_w39_ce_weightedfinaltables_v1_i-only_website-upload.xlsx,xlsx,bmg_research,
28– 29 May,2025,Techne,220,https://www.techneuk.com/wp-content/uploads/2025/05/R154-UK-2025-5-30-DATA.pdf,pdf,techne,
28 May,2025,Find Out Now,,,unknown,find_out_now,missing citation/source url
26– 27 May,2025,YouGov,222,https://d3nkl3psvxxpe9.cloudfront.net/documents/VotingIntention_MRP_Results_250527_w.pdf,pdf,yougov,
23– 26 May,2025,More in Common,223,https://www.moreincommon.org.uk/media/1xxnonjy/votingintention26may.xlsx,xlsx,more_in_common,
21– 22 May,2025,Techne,224,https://www.techneuk.com/wp-content/uploads/2025/05/R153-UK-2025-5-23-DATA.pdf,pdf,techne,
21 May,2025,Find Out Now,225,https://cms.findoutnow.co.uk/app/uploads/2025/05/21st-May-VI-Find-Out-Now.xlsx,xlsx,find_out_now,
18– 19 May,2025,YouGov,,,unknown,yougov,missing citation/source url
16– 19 May,2025,More in Common,227,https://www.moreincommon.org.uk/media/2bnl5sjw/votingintention19may.xlsx,xlsx,more_in_common,
14– 16 May,2025,Opinium,,,unknown,opinium,missing citation/source url
14– 15 May,2025,Techne,229,https://www.techneuk.com/wp-content/uploads/2025/05/R152-UK-2025-5-16-DATA.pdf,pdf,techne,
14 May,2025,Find Out Now,230,https://cms.findoutnow.co.uk/app/uploads/2025/05/14th-May-VI-Find-Out-Now.xlsx,xlsx,find_out_now,
11– 12 May,2025,YouGov,231,https://d3nkl3psvxxpe9.cloudfront.net/documents/VotingIntention_MRP_250512_w.pdf,pdf,yougov,
10– 12 May,2025,More in Common,232,https://www.moreincommon.org.uk/media/omccepjs/votingintention_12may.xlsx,xlsx,more_in_common,
9– 11 May,2025,Freshwater Strategy,,,unknown,freshwater_strategy,missing citation/source url
7– 8 May,2025,Techne,234,https://www.techneuk.com/wp-content/uploads/2025/05/R151-UK-2025-5-9-DATA.pdf,pdf,techne,
6– 8 May,2025,BMG Research,235,https://bmgresearch.com/wp-content/uploads/2025/05/april-2025-omnibus-tables-for-the-i.xlsx,xlsx,bmg_research,
7 May,2025,Find Out Now,236,https://cms.findoutnow.co.uk/app/uploads/2025/05/7th-May-VI-Find-Out-Now.xlsx,xlsx,find_out_now,
5– 6 May,2025,YouGov,237,https://d3nkl3psvxxpe9.cloudfront.net/documents/VotingIntention_MRP_250506_w.pdf,pdf,yougov,
2– 5 May,2025,Survation,238,https://cdn.survation.com/wp-content/uploads/2025/05/15152106/True-North-UK-May_2025_V1.xlsx,xlsx,survation,
3– 4 May,2025,More in Common,239,https://www.moreincommon.org.uk/media/v1mku52w/voting-intention_may4.xlsx,xlsx,more_in_common,
30 Apr – 2 May,2025,Opinium,,,unknown,opinium,missing citation/source url
30 Apr – 2 May,2025,Survation,,,unknown,survation,missing citation/source url
30 Apr,2025,Find Out Now,,,unknown,find_out_now,missing citation/source url
27– 28 Apr,2025,YouGov,243,https://d3nkl3psvxxpe9.cloudfront.net/documents/VotingIntention_MRP_250428_w.pdf,pdf,yougov,
25– 27 Apr,2025,More in Common,244,https://www.moreincommon.org.uk/media/r35hmdzs/april27voting.xlsx,xlsx,more_in_common,
23– 25 Apr,2025,Opinium,,,unknown,opinium,missing citation/source url
23– 24 Apr,2025,Techne,246,https://www.techneuk.com/wp-content/uploads/2025/04/R150-UK-2024-4-24-DATA.pdf,pdf,techne,
23 Apr,2025,Find Out Now,247,https://cms.findoutnow.co.uk/app/uploads/2025/04/23rd-April-VI-Find-Out-Now-1.xlsx,xlsx,find_out_now,
21– 22 Apr,2025,YouGov,248,https://d3nkl3psvxxpe9.cloudfront.net/documents/VotingIntention_MRP_250422_w.pdf,pdf,yougov,
17– 21 Apr,2025,More in Common,249,https://www.moreincommon.org.uk/media/i2vdw52r/april-21-vi.xlsx,xlsx,more_in_common,
16 Apr,2025,Find Out Now,250,https://cms.findoutnow.co.uk/app/uploads/2025/04/16th-April-VI-Find-Out-Now.xlsx,xlsx,find_out_now,
13– 14 Apr,2025,YouGov,251,https://d3nkl3psvxxpe9.cloudfront.net/documents/VotingIntention_MRP_250414_w.pdf,pdf,yougov,
11– 14 Apr,2025,More in Common,252,https://www.moreincommon.org.uk/media/parc4vuq/april11-14votingintention.xlsx,xlsx,more_in_common,
11– 14 Apr,2025,Focaldata,253,https://docs.google.com/spreadsheets/d/1GBHpYX0CjSZszeW6KHMApXkTPZORfN16yaT-RiEKvoQ/edit?usp=sharing,google_sheet,focaldata,
10– 14 Apr,2025,Lord Ashcroft Polls,,,unknown,lord_ashcroft,missing citation/source url
8– 14 Apr,2025,Verian,255,https://www.veriangroup.com/en-gb/news-and-insights/uk-polling-april-2025,html,verian,
9– 11 Apr,2025,Opinium,,,unknown,opinium,missing citation/source url
9– 10 Apr,2025,Techne,257,https://www.techneuk.com/wp-content/uploads/2025/04/R149-UK-2024-4-11-DATA.pdf,pdf,techne,
9 Apr,2025,Find Out Now,258,https://cms.findoutnow.co.uk/app/uploads/2025/04/9th-April-VI-Find-Out-Now.xlsx,xlsx,find_out_now,
6– 7 Apr,2025,YouGov,259,https://d3nkl3psvxxpe9.cloudfront.net/documents/VotingIntention_MRP_250407_w.pdf,pdf,yougov,
4– 7 Apr,2025,More in Common,260,https://www.moreincommon.org.uk/media/s4kfguiz/april7votingintention.xlsx,xlsx,more_in_common,
4– 6 Apr,2025,Freshwater Strategy,,,unknown,freshwater_strategy,missing citation/source url
2– 3 Apr,2025,Techne,262,https://www.techneuk.com/wp-content/uploads/2025/04/R148-UK-2024-4-3-DATA.pdf,pdf,techne,
2 Apr,2025,Find Out Now,263,https://cms.findoutnow.co.uk/app/uploads/2025/04/2nd-April-Find-Out-Now-VI.xlsx,xlsx,find_out_now,
14 Mar – 1 Apr,2025,More in Common (MRP),,,unknown,more_in_common,missing citation/source url
30– 31 Mar,2025,YouGov,265,https://d3nkl3psvxxpe9.cloudfront.net/documents/VotingIntention_MRP_250331_w.pdf,pdf,yougov,
28– 31 Mar,2025,More in Common,266,https://www.moreincommon.org.uk/media/5lbbhjpu/votingintention-28-32.xlsx,xlsx,more_in_common,
26– 28 Mar,2025,Opinium,,,unknown,opinium,missing citation/source url
21– 28 Mar,2025,Find Out Now/ Electoral Calculus  (MRP),,,unknown,find_out_now_electoral_calculus,missing citation/source url
26– 27 Mar,2025,BMG Research,270,https://bmgresearch.com/wp-content/uploads/2025/03/march-2025-omnibus-tables-for-the-i-v2.xlsx,xlsx,bmg_research,
26– 27 Mar,2025,Techne,272,https://www.techneuk.com/wp-content/uploads/2025/03/R147-UK-2024-3-28-DATA.pdf,pdf,techne,
26 Mar,2025,Find Out Now,273,https://cms.findoutnow.co.uk/app/uploads/2025/03/26th-March-VI-Find-Out-Now.xlsx,xlsx,find_out_now,
23– 24 Mar,2025,YouGov,274,https://d3nkl3psvxxpe9.cloudfront.net/documents/VotingIntention_MRP_250324_w.pdf,pdf,yougov,
22– 24 Mar,2025,More in Common,,,unknown,more_in_common,missing citation/source url
19– 21 Mar,2025,Opinium,,,unknown,opinium,missing citation/source url
19– 20 Mar,2025,Techne,277,https://www.techneuk.com/wp-content/uploads/2025/03/R146-UK-2024-3-21-DATA.pdf,pdf,techne,
19 Mar,2025,Find Out Now,278,https://cms.findoutnow.co.uk/app/uploads/2025/03/19th-March-VI-Find-Out-Now.xlsx,xlsx,find_out_now,
16– 17 Mar,2025,YouGov,279,https://d3nkl3psvxxpe9.cloudfront.net/documents/VotingIntention_MRP_250317_w.pdf,pdf,yougov,
14– 17 Mar,2025,Deltapoll,,,unknown,deltapoll,missing citation/source url
14– 17 Mar,2025,More in Common,,,unknown,more_in_common,missing citation/source url
13– 17 Mar,2025,Lord Ashcroft Polls,,,unknown,lord_ashcroft,missing citation/source url
12– 13 Mar,2025,Techne,283,https://www.techneuk.com/wp-content/uploads/2025/03/R145-UK-2024-3-14-DATA.pdf,pdf,techne,
12 Mar,2025,Find Out Now,284,https://cms.findoutnow.co.uk/app/uploads/2025/03/12th-March-VI-Find-Out-Now.xlsx,xlsx,find_out_now,
9– 10 Mar,2025,YouGov,285,https://ygo-assets-websites-editorial-emea.yougov.net/documents/VotingIntention_MRP_250310_w.pdf,pdf,yougov,
7– 10 Mar,2025,More in Common,286,https://www.moreincommon.org.uk/media/3mjhk0o3/10th-march-voting-intention.xlsx,xlsx,more_in_common,
6– 9 Mar,2025,JL Partners,,,unknown,jl_partners,missing citation/source url
5– 7 Mar,2025,Opinium,,,unknown,opinium,missing citation/source url
5– 6 Mar,2025,Techne,289,https://www.techneuk.com/wp-content/uploads/2025/03/R144-UK-2024-3-7-DATA-2.pdf,pdf,techne,
5 Mar,2025,Find Out Now,290,https://cms.findoutnow.co.uk/app/uploads/2025/03/5th-March-VI-Find-Out-Now.xlsx,xlsx,find_out_now,
2– 3 Mar,2025,YouGov,291,https://ygo-assets-websites-editorial-emea.yougov.net/documents/VotingIntention_MRP_250303_w.pdf,pdf,yougov,
1– 2 Mar,2025,Freshwater Strategy,,,unknown,freshwater_strategy,missing citation/source url
28 Feb – 2 Mar,2025,More in Common,,,unknown,more_in_common,missing citation/source url
26– 28 Feb,2025,Focaldata,294,https://docs.google.com/spreadsheets/d/1Sk7Ne1Dq9POVWCpudzKD5fLqUGR4NXGaqlOr-msV_K0/edit?gid=1116515620#gid=1116515620,google_sheet,focaldata,
26– 27 Feb,2025,Techne,295,https://www.techneuk.com/wp-content/uploads/2025/02/R143-UK-2024-2-28-DATA.pdf,pdf,techne,
26 Feb,2025,Find Out Now,296,https://cms.findoutnow.co.uk/app/uploads/2025/02/26th-Feb-VI-Find-Out-Now.xlsx,xlsx,find_out_now,
25– 26 Feb,2025,BMG Research,297,https://bmgresearch.com/wp-content/uploads/2025/03/february-omni-tables-for-the-i.xlsx,xlsx,bmg_research,
23– 24 Feb,2025,YouGov,298,https://ygo-assets-websites-editorial-emea.yougov.net/documents/VotingIntention_MRP_250224_w.pdf,pdf,yougov,
21– 24 Feb,2025,More in Common,,,unknown,more_in_common,missing citation/source url
19– 21 Feb,2025,Opinium,,,unknown,opinium,missing citation/source url
19– 20 Feb,2025,Techne,301,https://airtable.com/app2B86l5bTIO1uMA/shrwnOxInc2P2ikJ7/tbl67t4FpUCgEc3is/viwMvQWotUvypoqxJ/recBk5Vpaao0xaDfT/fldovodKVj4MXgDmO/attcECe0JKYtDYJeL,html,techne,
19 Feb,2025,Find Out Now,302,https://cms.findoutnow.co.uk/app/uploads/2025/02/19th-Feb-VI-Find-Out-Now.xlsx,xlsx,find_out_now,
14– 18 Feb,2025,More in Common,,,unknown,more_in_common,missing citation/source url
16– 17 Feb,2025,YouGov,304,https://ygo-assets-websites-editorial-emea.yougov.net/documents/VotingIntention_MRP_250217.pdf,pdf,yougov,
13– 17 Feb,2025,Lord Ashcroft Polls,,,unknown,lord_ashcroft,missing citation/source url
12– 13 Feb,2025,Techne,306,https://airtable.com/app2B86l5bTIO1uMA/shrwnOxInc2P2ikJ7/tbl67t4FpUCgEc3is/viwMvQWotUvypoqxJ/rec6b6crM8vbGu4U2/fldovodKVj4MXgDmO/att16qkygBvmXNIPB,html,techne,
12 Feb,2025,Find Out Now,307,https://findoutnow.co.uk/blog/voting-intention-12th-feb-2025/,html,find_out_now,
9– 10 Feb,2025,YouGov,308,https://ygo-assets-websites-editorial-emea.yougov.net/documents/VotingIntention_MRP_250210_w.pdf,pdf,yougov,
7– 10 Feb,2025,More in Common,,,unknown,more_in_common,missing citation/source url
5– 7 Feb,2025,Opinium,,,unknown,opinium,missing citation/source url
5– 6 Feb,2025,Techne,311,https://airtable.com/app2B86l5bTIO1uMA/shrwnOxInc2P2ikJ7/tbl67t4FpUCgEc3is/viwMvQWotUvypoqxJ/recB4T5hcGz44lY0s/fldovodKVj4MXgDmO/attpvaWp0440ydSPB,html,techne,
5 Feb,2025,Find Out Now,312,https://cms.findoutnow.co.uk/app/uploads/2025/02/5th-Feb-VI-Find-Out-Now.xlsx,xlsx,find_out_now,
2– 3 Feb,2025,YouGov,313,https://ygo-assets-websites-editorial-emea.yougov.net/documents/VotingIntention_MRP_250203_w.pdf,pdf,yougov,
31 Jan – 3 Feb,2025,More in Common,,,unknown,more_in_common,missing citation/source url
31 Jan – 2 Feb,2025,Freshwater Strategy,,,unknown,freshwater_strategy,missing citation/source url
29– 30 Jan,2025,Techne,317,https://airtable.com/app2B86l5bTIO1uMA/shrwnOxInc2P2ikJ7/tbl67t4FpUCgEc3is/viwMvQWotUvypoqxJ/recHVkn5lTWAc01WR/fldovodKVj4MXgDmO/att7ho26DjQGwCAfl,html,techne,
29 Jan,2025,Find Out Now,318,https://cms.findoutnow.co.uk/app/uploads/2025/01/29th-Jan-VI-Find-Out-Now.xlsx,xlsx,find_out_now,
28– 29 Jan,2025,BMG Research,,,unknown,bmg_research,missing citation/source url
28– 29 Jan,2025,Survation,,,unknown,survation,missing citation/source url
26– 27 Jan,2025,YouGov,321,https://ygo-assets-websites-editorial-emea.yougov.net/documents/VotingIntention_MRP_250127_publish.pdf,pdf,yougov,
24– 27 Jan,2025,More in Common,,,unknown,more_in_common,missing citation/source url
22– 29 Jan,2025,Find Out Now/ Electoral Calculus  (MRP),,,unknown,find_out_now_electoral_calculus,missing citation/source url
22– 24 Jan,2025,Opinium,324,https://www.opinium.com/wp-content/uploads/2025/01/VI-2025-01-22-Observer-Tables-Final.xlsx,xlsx,opinium,
22– 23 Jan,2025,Whitestone Insight,325,https://static1.squarespace.com/static/63725a1a981a7861d58633f1/t/679b5e6bfc25c032d424df00/1738235500060/Voting+Intention+Poll+Tables+Jan+2025.pdf,pdf,whitestone_insight,
22– 23 Jan,2025,Techne,326,https://web.archive.org/web/20250124161911/https://www.techneuk.com/wp-content/uploads/2025/01/R138-UK-2024-1-24-DATA.pdf,pdf,techne,
22 Jan,2025,Find Out Now,327,https://cms.findoutnow.co.uk/app/uploads/2025/01/22nd-Jan-VI-Find-Out-Now.xlsx,xlsx,find_out_now,
19– 20 Jan,2025,YouGov,328,https://ygo-assets-websites-editorial-emea.yougov.net/documents/VotingIntention_MRP_250120.pdf,pdf,yougov,
17– 20 Jan,2025,More in Common,,,unknown,more_in_common,missing citation/source url
17– 20 Jan,2025,Deltapoll,330,https://deltapoll.co.uk/wp-content/uploads/2025/01/Deltapoll-IfG-Conference-250121.pdf,pdf,deltapoll,
16– 20 Jan,2025,Lord Ashcroft Polls,,,unknown,lord_ashcroft,missing citation/source url
15– 16 Jan,2025,Techne,332,https://web.archive.org/web/20250117010538/https://www.techneuk.com/wp-content/uploads/2025/01/R137-UK-2024-1-17-DATA.pdf,pdf,techne,
15 Jan,2025,Find Out Now,333,https://cms.findoutnow.co.uk/app/uploads/2025/01/15th-Jan-VI-Find-Out-Now.xlsx,xlsx,find_out_now,
10– 14 Jan,2025,JL Partners,,,unknown,jl_partners,missing citation/source url
12– 13 Jan,2025,YouGov,335,https://ygo-assets-websites-editorial-emea.yougov.net/documents/VotingIntention_MRP_250113_w.pdf,pdf,yougov,
10– 13 Jan,2025,More in Common,336,https://www.moreincommon.org.uk/media/jffes4ou/january-13-vi-and-political-trackers.xlsx,xlsx,more_in_common,
8– 10 Jan,2025,Opinium,,,unknown,opinium,missing citation/source url
8 Jan,2025,Find Out Now,338,https://web.archive.org/web/20250109125721/https://cms.findoutnow.co.uk/app/uploads/2025/01/8th-Jan-VI-Find-Out-Now.xlsx,xlsx,find_out_now,
6– 8 Jan,2025,More in Common,339,https://www.moreincommon.org.uk/media/uiwb2sat/january-8-voting-intention.xlsx,xlsx,more_in_common,
4– 6 Jan,2025,Freshwater Strategy,,,unknown,freshwater_strategy,missing citation/source url
30 Dec – 3 Jan,2025,Deltapoll,341,https://deltapoll.co.uk/wp-content/uploads/2025/01/Deltapoll-MoS_250106.pdf,pdf,deltapoll,
19– 23 Dec,2024,Deltapoll,342,https://deltapoll.co.uk/polls/voteint241223,html,deltapoll,
18– 20 Dec,2024,Opinium,,,unknown,opinium,missing citation/source url
18– 19 Dec,2024,Techne,344,https://airtable.com/app2B86l5bTIO1uMA/shrwnOxInc2P2ikJ7/tbl67t4FpUCgEc3is/viwMvQWotUvypoqxJ/recpS3U8MliUTq1NE/fldovodKVj4MXgDmO/attVgxroaQS9T5bJC,html,techne,
12– 16 Dec,2024,Survation,,,unknown,survation,missing citation/source url
11– 12 Dec,2024,Techne,346,https://web.archive.org/web/20241215144316/https://www.techneuk.com/wp-content/uploads/2024/12/R135-UK-2024-12-13-DATA.pdf,pdf,techne,
11 Dec,2024,Find Out Now,347,https://web.archive.org/web/20241215211257/https://cms.findoutnow.co.uk/app/uploads/2024/12/11th-Dec-VI-Find-Out-Now.xlsx,xlsx,find_out_now,
6– 10 Dec,2024,More in Common,348,https://web.archive.org/web/20250122024711/https://view.officeapps.live.com/op/view.aspx?src=https%3A%2F%2Fwww.moreincommon.org.uk%2Fmedia%2Ft5hh5rka%2Fvoting-intention-and-trackers.xlsx&wdOrigin=BROWSELINK/,html,more_in_common,
6– 9 Dec,2024,Stonehaven  (MRP),,,unknown,stonehaven,missing citation/source url
5– 6 Dec,2024,Techne,350,https://web.archive.org/web/20241207175419/https://www.techneuk.com/wp-content/uploads/2024/12/R134-UK-2024-12-7-DATA.pdf,pdf,techne,
4 Dec,2024,Find Out Now,351,https://web.archive.org/web/20241205175438/https://cms.findoutnow.co.uk/app/uploads/2024/12/4th-Dec-VI-Find-Out-Now.xlsx,xlsx,find_out_now,
29 Nov – 2 Dec,2024,More in Common,352,https://web.archive.org/web/20241207100037/https://www.moreincommon.org.uk/media/fnshtp12/december-2-voting-intention.xlsx,xlsx,more_in_common,
27– 29 Nov,2024,Opinium,353,https://web.archive.org/web/20241203053722/https://www.opinium.com/wp-content/uploads/2024/11/VI-2024-11-27-Observer-Tables.xlsx,xlsx,opinium,
27– 28 Nov,2024,Techne,354,https://airtable.com/app2B86l5bTIO1uMA/shrwnOxInc2P2ikJ7/tbl67t4FpUCgEc3is/viwMvQWotUvypoqxJ/recT9PQeGv9bmWClx/fldovodKVj4MXgDmO/attT40fWgOArnWteo,html,techne,
27 Nov,2024,Find Out Now,355,https://cms.findoutnow.co.uk/app/uploads/2024/11/27th-Nov-VI-Find-Out-Now.xlsx,xlsx,find_out_now,
26– 27 Nov,2024,BMG Research,356,https://bmgresearch.com/news/,html,bmg_research,
26– 27 Nov,2024,More in Common,357,https://www.moreincommon.org.uk/media/bhnmvqd5/27-november-vi.xlsx,xlsx,more_in_common,
20– 21 Nov,2024,Techne,358,https://airtable.com/app2B86l5bTIO1uMA/shrwnOxInc2P2ikJ7/tbl67t4FpUCgEc3is/viwMvQWotUvypoqxJ/rec3Pd3IDWqGGBZbM/fldovodKVj4MXgDmO/attpHQgPRNTKfDTtA,html,techne,
19– 21 Nov,2024,More in Common,359,https://web.archive.org/web/20241123144315/https://www.moreincommon.org.uk/media/yp4f3rct/21-november-vi.xlsx,xlsx,more_in_common,
14– 18 Nov,2024,Deltapoll,360,https://deltapoll.co.uk/wp-content/uploads/2024/11/Deltapoll-241122_trackers.pdf,pdf,deltapoll,
13– 14 Nov,2024,JL Partners,361,https://jlpartners.co.uk/s/November-Omnibus-tables.xlsx,xlsx,jl_partners,
13– 14 Nov,2024,Techne,362,https://airtable.com/app2B86l5bTIO1uMA/shrwnOxInc2P2ikJ7/tbl67t4FpUCgEc3is/viwMvQWotUvypoqxJ/recZPl0snJpvr8UpA/fldovodKVj4MXgDmO/attTfMkt1A4WDYcIM,html,techne,
11– 13 Nov,2024,Opinium,363,https://web.archive.org/web/20250128221051/https://www.opinium.com/wp-content/uploads/2024/11/VI-2024-11-13-Observer-Tables.xlsx,xlsx,opinium,
8– 11 Nov,2024,More in Common,,,unknown,more_in_common,missing citation/source url
6– 7 Nov,2024,Techne,365,https://web.archive.org/web/20241122195506/https://www.techneuk.com/wp-content/uploads/2024/11/R130-UK-2024-11-8-DATA.pdf,pdf,techne,
31 Oct – 16 Dec,2024,More in Common  (MRP),,,unknown,more_in_common,missing citation/source url
30 Oct – 1 Nov,2024,More in Common,367,https://web.archive.org/web/20241202200646/https://www.moreincommon.org.uk/media/pozh33oz/trackers-30-october-1-november.xlsx,xlsx,more_in_common,
30– 31 Oct,2024,Opinium,368,https://web.archive.org/web/20241201215210/https://opinium.com/wp-content/uploads/2024/11/VI-2024-10-30-Observer-Tables.xlsx,xlsx,opinium,
30– 31 Oct,2024,BMG Research,369,https://www.bmgresearch.co.uk/wp-content/uploads/2024/11/October-2024-omni-tables-for-the-i-v2.xlsx,xlsx,bmg_research,
30– 31 Oct,2024,Techne,370,https://web.archive.org/web/20241116215036/https://www.techneuk.com/wp-content/uploads/2024/10/R129-UK-2024-11-1-DATA.pdf,pdf,techne,
23– 24 Oct,2024,Techne,371,https://airtable.com/app2B86l5bTIO1uMA/shrwnOxInc2P2ikJ7/tbl67t4FpUCgEc3is/viwMvQWotUvypoqxJ/recReuTLSDcH6BXxs/fldovodKVj4MXgDmO/attFd8Mrx8TNyB9nw,html,techne,
16– 18 Oct,2024,Opinium,372,https://web.archive.org/web/20241201220914/https://www.opinium.com/wp-content/uploads/2024/10/VI-2024-10-16-Observer-Tables-v02.xlsx,xlsx,opinium,
16– 17 Oct,2024,Techne,373,https://airtable.com/app2B86l5bTIO1uMA/shrwnOxInc2P2ikJ7/tbl67t4FpUCgEc3is/viwMvQWotUvypoqxJ/recpksd4Anjm7JvRw/fldovodKVj4MXgDmO/att6enZVh2PoKwtBi,html,techne,
11– 13 Oct,2024,JL Partners,374,https://jlpartners.co.uk/s/October-Omnibus-Poll-Tables-7b4n.xlsx,xlsx,jl_partners,
9– 10 Oct,2024,Techne,375,https://airtable.com/app2B86l5bTIO1uMA/shrwnOxInc2P2ikJ7/tbl67t4FpUCgEc3is/viwMvQWotUvypoqxJ/recOBvdEdO1WNvXu4/fldovodKVj4MXgDmO/attpZQiGsATzSNJZ7,html,techne,
9– 10 Oct,2024,More in Common,376,https://web.archive.org/web/20241202200115/https://www.moreincommon.org.uk/media/qsqbi1zd/labour-100-days-mic-polling.xlsx,xlsx,more_in_common,
5– 7 Oct,2024,More in Common,377,https://web.archive.org/web/20241008105805/https://www.moreincommon.org.uk/media/4iyb5qgm/october-voting-intention-tables.xlsx,xlsx,more_in_common,
4– 7 Oct,2024,Deltapoll,378,https://web.archive.org/web/20241007172841/https://deltapoll.co.uk/wp-content/uploads/2024/10/Deltapoll-241007_trackers.pdf,pdf,deltapoll,
2– 4 Oct,2024,Opinium,379,https://www.opinium.com/wp-content/uploads/2024/10/VI-2024-10-02-Observer-Tables-V3.xlsx,xlsx,opinium,
2– 3 Oct,2024,BMG Research,380,https://bmgresearch.com/wp-content/uploads/2025/01/october-2024-omni-tables-leadership-contest.xlsx,xlsx,bmg_research,
2– 3 Oct,2024,Techne,381,https://airtable.com/app2B86l5bTIO1uMA/shrwnOxInc2P2ikJ7/tbl67t4FpUCgEc3is/viwMvQWotUvypoqxJ/recl3K9BRZ6vUIZd7/fldovodKVj4MXgDmO/attvCnTiGUfOd0f19,html,techne,
25– 26 Sep,2024,Techne,382,https://airtable.com/app2B86l5bTIO1uMA/shrwnOxInc2P2ikJ7/tbl67t4FpUCgEc3is/viwMvQWotUvypoqxJ/recWFxDV7ZPRHZuRW/fldovodKVj4MXgDmO/attj2h4cG24cYUL0T,html,techne,
24– 25 Sep,2024,More in Common,383,https://web.archive.org/web/20240926211347/https://www.moreincommon.org.uk/media/0xyne0ke/voting-intention-24-25-september.xlsx,xlsx,more_in_common,
18– 23 Sep,2024,Verian,384,https://www.veriangroup.com/en-gb/news-and-insights/uk-polling-september-2024,html,verian,
18– 19 Sep,2024,Techne,385,https://airtable.com/app2B86l5bTIO1uMA/shrwnOxInc2P2ikJ7/tbl67t4FpUCgEc3is/viwMvQWotUvypoqxJ/recOvaNqYVMNpSDpc/fldovodKVj4MXgDmO/attCFUJgIiXxY8egA,html,techne,
10– 12 Sep,2024,More in Common,386,https://web.archive.org/web/20241117135507/https://www.moreincommon.org.uk/media/w50noqnp/mic-first-vi.xlsx,xlsx,more_in_common,
29 Aug,2024,BMG Research,387,https://bmgresearch.com/wp-content/uploads/2025/01/august-2024-omni-tables-labour-honeymoon.xlsx,xlsx,bmg_research,
7– 8 Aug,2024,We Think,,,unknown,we_think,missing citation/source url
5– 7 Aug,2024,BMG Research,389,https://bmgresearch.com/wp-content/uploads/2025/01/august2024-omni-tables-for-the-i.xlsx,xlsx,bmg_research,
30 Jul – 5 Aug,2024,Stonehaven,390,https://web.archive.org/web/20240827100043/https://assets.nationbuilder.com/stonehaven/pages/556/attachments/original/1724070028/Tm69_Aug24_Political_Crosstabs_Website.xlsx?1724070028,xlsx,stonehaven,
25– 26 Jul,2024,We Think,391,https://web.archive.org/web/20250114235853/https://www.omnisis.co.uk/poll-results/np-2024-vi-wk2-96/,html,we_think,
11– 12 Jul,2024,We Think,392,https://wethink.report/polls/65-of-voters-knew-who-they-would-vote-for-before-the-campaign-started/,html,we_think,
27 Nov – 16 Dec 2025,,More in Common,393,https://www.moreincommon.org.uk/media/0kffwvpt/jan2026_mrp_tables.xlsx,xlsx,more_in_common,
1–8 Dec 2025,,Electoral Calculus / Find Out Now,,,unknown,find_out_now_electoral_calculus,missing citation/source url
31 Aug – 24 Sep 2025,,YouGov,,,unknown,yougov,missing citation/source url
9 Aug – 15 Sep 2025,,More in Common,,,unknown,more_in_common,missing citation/source url
21 Aug – 1 Sep 2025,,Survation,394,https://www.linkedin.com/pulse/seven-lessons-from-new-38-degrees-x-survation-polling-mcgregor-ey5te,html,survation,
16 July – 3 Aug 2025,,Stack Data Strategy,,,unknown,stack_data_strategy,missing citation/source url
13–30 Jun 2025,,More in Common,,,unknown,more_in_common,missing citation/source url
29 May – 18 Jun 2025,,YouGov,,,unknown,yougov,missing citation/source url
10–17 Jun 2025,,Electoral Calculus / Find Out Now,,,unknown,find_out_now_electoral_calculus,missing citation/source url
14 Mar – 1 Apr 2025,,More in Common,,,unknown,more_in_common,missing citation/source url
21–28 Mar 2025,,Electoral Calculus / Find Out Now,,,unknown,find_out_now_electoral_calculus,missing citation/source url
22–29 Jan 2025,,Electoral Calculus / Find Out Now,,,unknown,find_out_now_electoral_calculus,missing citation/source url
30 Nov 2024 – 5 Jan 2025,,Focaldata,398,https://www.focaldata.com/blog/focaldata-hope-not-hate-uk-general-election-mrp,html,focaldata,
31 Oct – 16 Dec 2024,,More in Common,,,unknown,more_in_common,missing citation/source url
6–9 Dec 2024,,Stonehaven,,,unknown,stonehaven,missing citation/source url
March 2025,,JL Partners,402,https://jlpartners.co.uk/polaris-april-2025,html,jl_partners,
January 2025,,JL Partners,404,https://jlpartners.co.uk/polaris-jan-2025,html,jl_partners,
December 2024,,JL Partners,405,https://jlpartners.co.uk/polaris-dec-24,html,jl_partners,
11–15 Oct 2024,,Find Out Now/Electoral Calculus (MRP),460,https://www.electoralcalculus.co.uk/blogs/ec_hypopoll_20241017.html,html,find_out_now_electoral_calculus,
14– 18 Jul 2025,,Focaldata,,,unknown,focaldata,missing citation/source url
c. Sep 2025,,Focaldata,465,https://www.focaldata.com/blog/16-17-year-olds-want-help-navigating-politics,html,focaldata,
7– 28 Aug 2025,,More in Common,466,https://www.moreincommon.org.uk/media/liypeb5n/sunday-times-polling-of-16-17.xlsx,xlsx,more_in_common,
14– 18 Jul 2025,,Focaldata,,,unknown,focaldata,missing citation/source url
4– 6 Jul 2025,,Merlin Strategy,468,https://merlinstrategy.com/wp-content/uploads/2025/07/ITV-1617-year-olds-poll-1.xlsx,xlsx,merlin_strategy,
13– 19 Sep 2025,,Merlin Strategy,470,https://www.newstatesman.com/politics/polling/2025/09/the-young-see-no-future-in-britain,html,merlin_strategy,
20– 21 Feb 2026,,Find Out Now,,,unknown,find_out_now,missing citation/source url
28 Nov – 1 Dec 2025,,More in Common,475,https://x.com/LukeTryl/status/1995773549353566658?s=20,social_post,more_in_common,
28– 30 Nov 2025,,Freshwater Strategy,,,unknown,freshwater_strategy,missing citation/source url
10– 18 Sep 2025,,Find Out Now/Electoral Calculus  (MRP),,,unknown,find_out_now_electoral_calculus,missing citation/source url
1– 8 Sep 2025,,Find Out Now,480,https://www.electoralcalculus.co.uk/blogs/pseph_tactical_2025.html,html,find_out_now,
15– 19 Aug 2025,,Focaldata,,,unknown,focaldata,missing citation/source url
29– 31 Jul 2025,,BMG Research,482,https://inews.co.uk/news/politics/reform-nine-point-lead-labour-boost-farage-no10-hopes-3838300,html,bmg_research,
9– 10 Jul 2025,,Find Out Now,,,unknown,find_out_now,missing citation/source url
4– 7 Jul 2025,,More in Common,485,https://www.moreincommon.org.uk/media/bfelndry/sultana-corbyn-voting-intention.xlsx,xlsx,more_in_common,
20– 23 Jun 2025,,More in Common,486,https://www.moreincommon.org.uk/media/jffhgp3l/new_corbynparty_vi.xlsx,xlsx,more_in_common,
10–18 Sep 2025,,Electoral Calculus/Find Out Now,,,unknown,find_out_now_electoral_calculus,missing citation/source url
20– 21 Feb 2026,,Find Out Now,,,unknown,find_out_now,missing citation/source url
14 Feb 2026,,Find Out Now,488,https://cms.findoutnow.co.uk/app/uploads/2026/02/Restore-Britain-Feb-2026.xlsx,xlsx,find_out_now,
15 Jan 2026,,Find Out Now,489,https://cms.findoutnow.co.uk/app/uploads/2026/01/Lowe-party-polling-Jan-2026.xlsx,xlsx,find_out_now,
28 Nov 2025,,Find Out Now,490,https://cms.findoutnow.co.uk/app/uploads/2025/11/Lowe-party-polling.xlsx,xlsx,find_out_now,
